,product,topic,as_main_topic,as_primary_subtopic,as_secondary_subtopic,topic_coherence,top_words,best_review,best_review_fit,top_bigrams_pmi,top_bigrams_freq,top_trigrams_pmi,top_trigrams_freq
0,B002IEZJMA,0,0,0,2,0.66125180258878,"['result', 'intense', 'turn', 'absolutely', 'hint', 'capuccino', 'longer', 'begin', 'creamer', 'chill']",none,,[],[],[],[]
1,B002IEZJMA,1,0,0,0,0.6090025450056673,"['weird', 'page', 'description', 'grind', 'sign', 'math', 'partake', 'ph', 'figure', 'strangeness']",none,,[],[],[],[]
2,B002IEZJMA,2,0,0,0,0.5901501107936808,"['could', 'horrible', 'husband', 'finish', 'wow', 'hope', 'chain', 'nasty', 'clear', 'hop']",none,,[],[],[],[]
3,B002IEZJMA,3,421,62,1,0.5602689981644435,"['espresso', 'would', 'flavor', 'sugar', 'illy', 'good', 'strong', 'sweet', 'okay', 'convenient']","i was bracing for this can of illy issimo coffee to contain a less-than-pleasant coffee experience, with a not-so-fresh, and overpoweringly strong-tasting coffee drink.  i was wrong.  the coffee contained within my little can had great, pure coffee flavor, with no ""can taste"". it was not overly sweet to me (although i do like my coffee really sweet. like, ""melted coffee ice cream"" sweet...), and i was surprised to see that it looked to be just pure, brewed coffee - no cream added. i tend to brew my coffee pretty strong. being a ""single cup a day to wake me up first thing"" kinda girl, i have a tendency to think that my daily cuppa joe has to be beat-you-about-the-head powerful, and, recent changes in my taste have put that into question, as has this brew. it truly does taste like it was freshly brewed, then left to chill just long enough to give you the basis for a great cup of smooth, flavorful iced coffee, whether you choose to drink it straight, or gussy it up with a little flavored syrup and half-and-half (i opted for the latter).  the previous can of illy issimo coffee that i would tried  did not really knock my socks off; i mean, it was good, but it was not the best i have ever tasted. i would given that to starbucks' frappuccino line of refrigerated coffee drinks. but this can of issimo coffee drink really was good enough to give starbucks a run for their money, for me, at least, especially considering that this brew does not contain anything more than coffee, a little sugar to sweeten it, and a few preservatives to hold it over (which any factory-made coffee drink will contain, anyway).  if you are on the run, and, for some odd reason, are not able to get yourself a cuppa joe on the go, i definitely would recommend this drink for the true coffee purist. i would be surprised if you were not pleasantly surprised by it!",0.993544578552246,"['gas station', 'ketchup turkey', 'mayo clinic', 'mountain dew', 'nowhere near', 'turkey gravy', 'lactose intolerant', 'yum yum', 'final verdict', 'desk drawer']","['like coffee', 'coffee not', 'strong coffee', 'coffee flavor', 'taste like', 'iced coffee', 'coffee taste', 'drink not']","['ketchup turkey gravy', 'history yum yum', 'conduct sampling side', 'century dead people', 'tea ketchup turkey', 'sampling side exact', 'round cent integral', 'desk drawer office', 'fit desk drawer', 'yum yum convenient']","['illy coffee drink', 'illy issimo drink', 'illy issimo caffe', 'coffee drink not', 'strong coffee flavor', 'espresso style coffee', 'espresso coffee drink', 'style coffee drink']"
4,B002IEZJMA,4,0,0,1,0.5590429037279474,"['egrave', 'caff', 'shake', 'per', 'word', 'year', 'rule', 'blend', 'wife', 'deal']",none,,[],[],[],[]
5,B002IEZJMA,5,0,1,0,0.5326749397984989,"['fan', 'quite', 'size', 'canned', 'go', 'look', 'cannot', 'definitely', 'huge', 'always']","i am not a huge fan of canned coffee drinks, but i am always looking for easy coffee. this drink tasted just okay. it had a weird aftertaste that i cannot quite describe. the size of the can is adequate. i definitely will not be purchasing this again in the future. if you like convenient, ok tasting coffee to go, this is it.",0.6663315892219543,['coffee drink'],[],[],[]
6,B002IEZJMA,6,0,0,0,0.5289889260962035,"['first', 'cent', 'choose', 'million', 'prepared', 'carbohydrate', 'robust', 'sensitive', 'manufacturer', 'subtract']",none,,[],[],[],[]
7,B002IEZJMA,7,1,0,1,0.5288362606013328,"['whole', 'must', 'glass', 'form', 'illy', 'amazon', 'prepare', 'post', 'available', 'usual']","illy cafe is the original portable coffee drink. it is plain coffee without milk, cream, or any sweetener. it is it may therefore, be more to the liking of coffee purists. illy drinks are available only in the cans (not in glass). while i might prefer glass, these cans are the only option for illy. they are available in 12 packs through amazon. with a larger order you can get them with no charge for shipping making for a competitive price. they do not need to be refrigerated at all. however, they do taste better if refrigerated prior to consumption.",0.9770832061767578,['illy available'],[],[],[]
8,B002IEZJMA,8,0,1,3,0.4489659748185003,"['potassium', 'ingredient', 'mg', 'citrate', 'bicarbonate', 'per', 'natural', 'mix', 'soda', 'sodium']","that is the third ingredient.  potassium citrate is the fourth.  is potassium bicarbonate a ""natural"" ingredient, since it is found rarely in nature?  i drink coffee every day and have never added these two chemicals to my cup of coffee.  i have read that potassium citrate is used as a diuretic, particularly in veterinary treatments.  was it really necessary to add these two chemicals to the ""espresso style"" coffee mix?  if it had been nothing but plain black coffee of typical good illy quality, then it would have rated a 5.  i will not be buying it.",0.5065688490867615,"['add chemical', 'add two', 'two chemical', 'potassium citrate']","['potassium citrate', 'two chemical']",['add two chemical'],[]
9,B002IEZJMA,9,0,1,3,0.4127197399058768,"['husband', 'large', 'difference', 'cappuccino', 'caffe', 'unless', 'chocolate', 'machine', 'package', 'special']","this is a great tasting coffee, when chilled, it is great! cans are 6.8 ounces, and a pure burst of goodness!",0.5648155212402344,[],[],[],[]
10,B002IEZJMA,10,0,0,0,0.4049130245635322,"['future', 'perfect', 'close', 'description', 'consistency', 'thin', 'general', 'sound', 'blend', 'wine']",none,,[],[],[],[]
11,B002IEZJMA,11,0,0,0,0.2974725966024247,"['fat', 'brewed', 'package', 'caffee', 'lead', 'atlanta', 'doubleshots', 'watch', 'lift', 'splenda']",none,,[],[],[],[]
0,B006MONQMC,0,1,7,9,0.6088387340697323,"['make', 'one', 'well', 'actually', 'strong', 'fruit', 'add', 'get', 'need', 'caffeine']","very glad i read the label...when i selected it from amazon i thought it was an energy drink...it is actually an additive you put in your water to make your water an energy drink!  actually very tasty...very reminiscent of kool-aid fruit punch flavor.  one long squeeze is good for me in a 1/2 liter bottle of water.  i do like that you can make it stronger or weaker to taste based on how much you add.  needs to be refrigerated after opening...one more thing to take up space in my fridge, but oh well.  i notice i am drinking more water later thanks to this, so that is good!  and if i am getting more vitamins, well hey, that is cool too.  0 calories...has caffeine.",0.8900479674339294,"['compare bottle', 'kool aid', 'much add', 'fruit punch', 'strong weak', 'actually beneficial', 'additive try', 'aid punch', 'aid fruit', 'kool fruit']","['fruit punch', 'kool aid', 'not taste', 'strong taste', 'taste not', 'water drink', 'actually beneficial', 'additive try']","['really compare bottle', 'bottle well know', 'compare bottle well', 'kool aid punch', 'aid fruit punch', 'kool aid fruit', 'kool fruit punch', 'fruit punch flavor', 'energy drink actually']","['compare bottle well', 'energy drink actually', 'fruit punch flavor', 'kool aid fruit', 'kool aid punch', 'kool fruit punch', 'really compare bottle']"
1,B006MONQMC,1,0,1,4,0.5862402071097399,"['suggest', 'worth', 'slightly', 'cause', 'anyone', 'pretty', 'hint', 'bad', 'wife', 'understand']","in truth, i am not a big fan of these squeeze bottle water flavorings. often, i find it hard to control the quantity, and under-flavoring makes the drink taste like a flat soda, whereas over flavoring is just too sweet. this larger bottle, however, seems to give just the right amount of flavor if you use two fingers to squeeze until it becomes too hard to squeeze anymore, and the spout seals tight and effectively to prevent drips and spills. the overall flavor is your typical fruit punch-y flavor, and there is only that faintest hint of chemicals to suggest the caffeine, taurine and vitamins it contains. the pick-up it provides is mild, i would say about the same as a cup of coffee or can of diet soda. i do not think the other stuff in it is particularly strong or useful to my body as far as recovery times, strength building, electrolyte supply, etc. still, i use this as my flavoring of choice on rest and light workout days, with  my ""go to"" drink on workout and hard running days. this is a decent water flavoring that is easier to use than most, providing a little variety with no sacrifice to my fitness regimen.",0.3176220655441284,['water flavoring'],[],[],[]
2,B006MONQMC,2,0,0,0,0.5709531401953238,"['screw', 'mouth', 'rush', 'hand', 'delight', 'specially', 'bull', 'pay', 'seriously', 'top']","would have been a decent product, but i do not like my vitamins loaded with red #40 dye. why oh why cannot you create a product using natural red dyes? how about using one of these natural red dye replacements:   ~beets   ~red pepper   ~red sandal wood   ~black/purple carrots   ~elderberry   ~purple sweet potato   ~carmine/cochineal  chemical-based dyes are not welcome in ""healthy"" vitamin drinks. when my mom said to take my vitamins, she did not imagine they had be colored like m&ms.",0.24951228499412534,"['use natural', 'natural dye', 'natural red', 'red dye']","['natural red', 'use natural']","['use natural red', 'natural red dye']",[]
3,B006MONQMC,3,0,7,6,0.5078572060253552,"['read', 'smell', 'stain', 'cap', 'stuff', 'else', 'red', 'counter', 'full', 'hand']","during the day i wake up and drink cold coffee and sometimes use my tassimo maker. the rest of the day i drink a lot of water. i usually drink bottled water and do not mind the `plain' taste.  sadly i can not read the ingredients on my bottle since it is covered with a sticker but the vitamin part seemed interesting. i have tried to add flavors to my water before but they have tasted artificial. i will say this does taste like fruit punch as it is listed. i was surprised at how flavorful it was and that it did not taste artificial like the other drinks i have tried. i found it rather refreshing and loved the flavor of it.  the reason i would not buy it though is it is messy. i accidentally squeezed some out of the cup and it was so sticky. that was not the worse. i have cream colored counters and it leaked on them and it was less than 10 seconds of it sitting on the counter and figured a wet paper towel would wipe it up. nope, it was already stained! i was shocked! i had to use one of those magic eraser pads to clean it off the counter. for how sticky and how easily it stains, it is not worth it to me.  taste wise it is there. however, if it stained that quickly, i wonder what it does to your body. i do not think i will be finishing it.  added after writing review: if i could give this a zero i would! i had the bottle near the computer to write the review. it has to be in the fridge after you open it. it was in the fridge with the cap down. i flipped it where the cap was on top thinking it would not leak this way taking it back to the fridge. nope, the cap held the previous leftover squeeze and it leaked all over my cream rug and also my computer stand which is padded. i got rid of it. it is too messy and stains!",0.4813795387744904,"['three teaspoon', 'serving size', 'specially design', 'store upside', 'write review', 'cup okay', 'no idea', 'squeeze unsuccessfully', 'leak around', 'stain everything']","['water enhancer', 'drink water', 'fruit flavor', 'not taste', 'punch flavor', 'flavor water', 'natural caffeine', 'ounce water']","['punch tongue somewhere', 'realize squeeze unsuccessfully', 'squeeze unsuccessfully remove', 'specially design cap', 'fruit punch tongue', 'water enhancer seem', 'much fruit punch', 'enhance flavor water', 'fruit punch flavor', 'cup water enhancer']","['vitamin squeeze not', 'vitamin squeeze water', 'add vitamin squeeze', 'cup water enhancer', 'enhance flavor water', 'flavor vitamin squeeze', 'fruit punch tongue', 'fruit punch vitamin']"
4,B006MONQMC,4,0,2,0,0.4948211406283927,"['seal', 'ready', 'page', 'overpower', 'nutrition', 'skip', 'suggested', 'marketing', 'Â½', 'mug']","this formula is good tasting and very easy to mix with wter - just pour and drink.  it is a bit tough to unseal and to remove the protective inner seal (which opens the spout), but once those protective measures are overcome you are ready to drink.",0.5917441844940186,"['hawaiian punch', 'squeeze pressure']",[],[],[]
5,B006MONQMC,5,0,4,4,0.4775241613253221,"['benzoate', 'later', 'thanks', 'b', 'natural', 'chromium', 'potassium', 'zinc', 'issue', 'low']","took off star due to 1 squeeze to 8 ounces, but no way to measure and everyone squeezes differently so too much tastes bad, and did not see any energy boost after 16 ounces.  4 stars for per serving 120% vitamin c, 40% b viatmins, taurine 10mg, electrolytes and 40 mg natural caffeine. what is the natural caffeine? ingredients  water, ciritc acid, vitamin c(asorbic acid), natural flavor, sucralose, natural caffeine sodium benzoate, potassium sorbate, magnesium lactate(electrolyte), zinc glucomate vitamin b3(niacinamide), taurine, vitamin b5(calcium pantothenate), calcium lactate (electrolyte), potassium phosphate( electrolyte), gum acacia, glyceryl abietate, red40, vitamin b6(pyrdoxine hydrochloride), vitamin b12 ( cyanocobelamin ) & chromium polynicotinate. good vitamins to have during flu season.  great punch flavor tastes falls in between kool aid and hawaiian punch. love the taste, easy to use, and in 1 bottle instead of little packs to lose. we prefer to mix 1/3 of bottle into half gallon jug and put in refigerator for a cold drink. everyone ages 4 to 55 loved this drink even the teen agers.",0.52116858959198,"['sodium benzoate', 'natural caffeine', 'ounce star', 'fruit punch', 'hawaiian punch', 'calcium lactate', 'lactate electrolyte', 'lactate potassium', 'calcium calcium', 'punch flavor']","['not energy', 'punch flavor', 'vitamin squeeze', 'calcium calcium', 'calcium lactate', 'energy not', 'fruit punch', 'hawaiian punch']","['calcium calcium lactate', 'calcium lactate potassium', 'squeeze energy drink', 'vitamin squeeze energy', 'vitamin squeeze drink', 'vitamin energy drink']","['squeeze energy drink', 'vitamin energy drink', 'vitamin squeeze drink', 'vitamin squeeze energy']"
6,B006MONQMC,6,0,0,0,0.37911747211689933,"['wikipedia', 'wrap', 'basis', 'safe', 'dos', 'rat', 'doctor', 'basic', 'fda', 'study']",none,,[],[],[],[]
7,B006MONQMC,7,31,137,38,0.3720933771818555,"['caffeine', 'use', 'sugar', 'fruit', 'also', 'ounce', 'c', 'serving', 'much', 'per']","i use the mio beverage enhancers pretty regularly and was interested in trying the vitamin squeeze to see how it would compare.  here are my pros/cons:  pros-not overly sweet, a nice big bottle (12 oz, next to under 2 oz. for the mio), lots of vitamins and zero calories.  makes getting in your water much easier.  cons-bottle needs to be refrigerated after opening (unlike the mio).  this makes it not as portable for me.  no leaving it in a backpack or a desk drawer, that is the major drawback for me.  though i liked this flavor, it tasted more citrusy than it tasted like fruit punch-not a big deal, but if you are expecting fruit punch flavor you will not get it here.  overall, i would consider purchasing for home use, but not portable enough due to needing refrigeration for it to be my ""go to"" brand for when i am away from home.",0.9858972430229188,"['acacia abietate', 'acacia glyceryl', 'deer park', 'glyceryl abietate', 'photograph post', 'starbucks grande', 'trial error', 'animal derive', 'bacteria intestine', 'fructose corn']","['energy drink', 'squeeze drink', 'vitamin energy', 'punch flavor', 'taste like', 'one squeeze', 'squeeze energy', 'fruit flavor']","['acacia glyceryl abietate', 'photograph post website', 'yada yada yeah', 'gum acacia abietate', 'gum acacia glyceryl', 'gum glyceryl abietate', 'rah dose sunshine', 'fructose corn syrup', 'taurine possibly act', 'gatorade contains bvo']","['vitamin energy drink', 'vitamin squeeze drink', 'fruit punch flavor', 'energy fruit punch', 'drink fruit punch', 'energy drink punch', 'squeeze drink fruit', 'squeeze energy fruit']"
8,B006MONQMC,8,50,238,54,0.3684180653498023,"['try', 'get', 'would', 'really', 'use', 'one', 'much', 'mio', 'fruit', 'give']","i like water additives as an alternative to sodas or sugary drinks, so i was excited about trying this one.  i thought it would be one that my 9-year old son and i could both use. the mix has a sweet fruit punch flavor if you follow the recommended dilution, but getting that squeeze just right is sometimes tricky. although it seemed like a good idea to have a large bottle that you could adjust flavor levels and for a reasonably good cost.  it is just harder to execute in actuality than in design.  my son would squeeze to much and we went through a cycle of add a little more water then a little more mix...  my biggest complaint and the reason i would not use this product regularly is for the caffeine content. i generally use water additives as an alternative to sodas or other beverages and thus look for caffeine-free alternatives.  ok, but i will not be a repeat user.",0.9869046807289124,"['phosphate palmitate', 'upset stomach', 'gummy worm', 'sunny delight', 'benzoate sorbate', 'citric acid', 'dish soap', 'hinge lid', 'sound winner', 'lactate phosphate']","['energy drink', 'taste like', 'fruit flavor', 'taste not', 'not like', 'not taste', 'punch flavor', 'drink water']","['potassium phosphate palmitate', 'benzoate sorbate magnesium', 'calcium lactate phosphate', 'benzoate potassium sorbate', 'calcium potassium phosphate', 'sodium benzoate sorbate', 'sorbate magnesium lactate', 'lactate potassium phosphate', 'potassium sorbate lactate', 'potassium sorbate magnesium']","['squeeze energy drink', 'vitamin energy drink', 'vitamin squeeze drink', 'like fruit punch', 'like kool aid', 'fruit punch not', 'taste fruit punch', 'fruit punch taste']"
9,B006MONQMC,9,1,0,4,0.3295767084123667,"['b', 'taurine', 'c', 'would', 'glass', 'natural', 'daily', 'fruit', 'first', 'accord']","or so the bottle wrapping claims and there is more: vitamins c, b3, b5, b6, b12 plus 'natural' caffeine and... taurine. i did not know what 'taurine' was so i looked it up. well, whatever it is, according to wikipedia, ""a review published in 2008 found no documented reports of negative or positive health effects associated with the amount of taurine used in energy drinks"" so it probably does not hurt to have some.  the end product, after squeezing the concentrate into a glass of water is that the water color changes to orangy-red and it acquires a vaguely fruity synthetic smell and flavor and, according to the wrapping, it gets 120% of your daily vitamin c needs.  to answer the question: 'after my first glass, would i have another one?' i must admit that i was not able to actually finish my first glass. i would not call it 'bad tasting' but i would rather have my drinking water clean and maybe some fruit on the side or some mostly natural fruit juice to fulfill may daily requirements of taurine, vitamin c, sodium benzoate and the ever-essential electrolytes.",0.8679323792457581,"['water color', 'first glass', 'first would', 'glass water', 'glass would']","['glass water', 'glass would', 'water color']","['water color change', 'concentrate glass water', 'glass water color', 'first glass would']","['glass water color', 'water color change']"
10,B006MONQMC,10,0,0,1,0.2995920393857959,"['ever', 'another', 'finish', 'admit', 'report', 'beyond', 'thought', 'dosage', 'tried', 'effective']",none,,[],[],[],[]
11,B006MONQMC,11,0,0,0,0.27722574126063554,"['requirement', 'synthetic', 'liter', 'coke', 'iced', 'throw', 'version', 'school', 'pass', 'behind']",none,,[],[],[],[]
0,B005ZBZLT4,0,188,167,58,0.6673396659810173,"['like', 'try', 'taste', 'great', 'good', 'flavor', 'fog', 'one', 'love', 'price']","i love coffee.  i drink it in the morning, in the afternoon, and right before bed.  however i had yet to find a k-cup that gave me the full bodied taste that brewing a nice strong 1:1 ratio pot ever gave me.  i tried all the usual suspects.. green mountain, starbucks, caribou, donut, etc.  while i normally love their whole bean, ground, and coffee shop stuff.. i just could never find a full taste in any of them.  so, i gave up on k-cups and went back to my trusty home drip brewer.  then one day our company bought kuerig machines for the office.  so, i decided that i would go out and try to find a decently priced k-cup, as anything tastes better than the sludge that they make in their industrial drip machines.  these are what i found, and whether it is the coffee, the lack of plastic on the bottom, or some combination, i would have to say these k-cups are the absolute closest thing i have found to a regular cup of coffee.  it bold, but not hit you over the head bold.  it is not watered down.  it is perfect.  anyway, give them a try if you want a great cup of coffee for a great price.  do not let their look scare you off.  it is perfect.",0.9917322397232056,"['bi monthly', 'step direction', 'cinnamon half', 'e mail', 'hint vanilla', 'mission statement', 'christmas gift', 'exceed expectation', 'environmental project', 'heavy duty']","['cup coffee', 'san francisco', 'san bay', 'francisco bay', 'coffee not', 'french roast', 'good coffee', 'like coffee']","['add cinnamon half', 'shipment bi monthly', 'unhelpful classy go', 'family mission statement', 'step right direction', 'cream sugar simply', 'timothy midnight magic', 'pour press wait', 'bi monthly first', 'purchase future yummy']","['francisco bay coffee', 'san bay coffee', 'bay fog chaser', 'k cup not', 'coffee fog chaser', 'francisco bay fog', 'k cup coffee', 'not k cup']"
1,B005ZBZLT4,1,1,4,4,0.5597392336247287,"['star', 'lose', 'eco', 'excite', 'sfb', 'twelve', 'addition', 'require', 'outstanding', 'disappointed']","coffee is outstanding, concept is wonderful but in each order i have been shorted 3-5 kcups, it adds up. very disappointed.  otherwise i would have rated five stars.",0.94016832113266,"['bye stuff', 'friend bye', 'pose problem', 'add kcups', 'kcups unit', 'k cup', 'not pose', 'not problem']","['friend bye', 'k cup', 'kcups unit', 'not pose', 'not problem', 'pose problem']","['bye stuff oily', 'family friend bye', 'friend bye stuff', 'kcups unit display', 'add kcups unit', 'package add kcups', 'not pose problem']","['family friend bye', 'friend bye stuff', 'kcups unit display', 'not pose problem', 'package add kcups']"
2,B005ZBZLT4,2,0,1,0,0.5405453439297123,"['version', 'note', 'bug', 'terrible', 'hate', 'v', 'thought', 'robinson', 'le', 'reorder']",this coffee is horrible and unfortunately not eligible for return. it tastes like burnt wood shavings. looks like its going into the compost pile.,0.4782791137695313,[],[],[],[]
3,B005ZBZLT4,3,48,90,57,0.42401414863705666,"['plastic', 'bag', 'keep', 'open', 'pod', 'use', 'like', 'container', 'fresh', 'less']","coffee preference is just a matter of taste, so my opinion regarding taste probably does not mean much. you would have to try this coffee for yourself. what i can tell you is that these soft bottom cups are certainly different from the usual all-plastic k-cups. i was initially concerned about how well they would work in my keurig, but after making about fifty or more brews, they work perfectly. no loose grinds left behind in the pod well, my mug or anywhere else. they cost a little less than k-cups so that is a nice plus for me. the minor drawback is that they come to you in plastic bags that once opened, allow exposure of the pods to air. simple fix. i just put the remaining pods in a ziplock bag. i like the taste of this french roast coffee and the fact that it is also cheaper than the competition. hopefully when the patent on k-cups expires this september we will see more vendors offering better prices. this is probably why keurig recently came out with a new brewer, ""the vue""  that uses different and patented cups.",0.9904738068580629,"['escape pinprick', 'thirty six', 'web site', 'anywhere online', 'share office', 'escape hole', 'initial reason', 'pinprick hole', 'donut lover', 'dunkin donut']","['coffee not', 'cup not', 'keep fresh', 'plastic bag', 'plastic cup', 'like coffee', 'strong coffee', 'not k']","['escape pinprick hole', 'escape pinprick v', 'share folk office', 'corner wont buy', 'escape hole v', 'pinprick hole v', 'others mention arent', 'dunkin donut lover', 'lover dunkin donut', 'actual see dirty']","['k cup not', 'cup k cup', 'normal k cup', 'regular k cup', 'keep coffee fresh', 'plastic k cup', 'use k cup', 'air tight container']"
4,B005ZBZLT4,4,2,3,20,0.39599367126316676,"['good', 'like', 'strong', 'bag', 'fog', 'chaser', 'especially', 'seal', 'amazon', 'french']","i have been a picky keurig fan for about ten years, have always bought my coffee from either onegreatcup or amazon (because stores just do not have the selection), and until now had settled on jet fuel as my favorite -- just so you know what i like. fogchaser is in that league: rich, deep, dark, zesty, overall interesting and best of all (unlike the plastic-bottomed k-cups) brewing it makes my kitchen smell good again. i am putting it on subscription.  a good find; a keeper -- glad i tried it.",0.9806025624275208,"['plastic k', 'fog chaser', 'french roast', 'not let', 'k cup', 'buy coffee', 'like coffee', 'cup coffee']","['k cup', 'buy coffee', 'cup coffee', 'like coffee', 'not let', 'plastic k']",['plastic k cup'],[]
5,B005ZBZLT4,5,0,2,3,0.29046203523156217,"['nothing', 'kind', 'auto', 'old', 'ship', 'awesome', 'u', 'something', 'star', 'flavored']",this coffee is something all should rave about at the price compared to other you must pay more for a commerical resaurants.,0.6422315239906311,"['really good', 'compostable could']",[],['really good coffee'],[]
0,B003GTR8IO,0,2,11,38,0.6032453557522642,"['flavor', 'love', 'starbucks', 'like', 'would', 'brand', 'taste', 'natural', 'try', 'light']","i love this coffee.  it has the boldness of regular starbucks coffee with a light vanilla flavor.  i love that it is not overpowered with an artificial vanilla taste like a lot of other brands.  this coffee is great if you love the bold flavor of starbucks - however if you do not like a strong coffee, i would stear clear of this one.  i personally love starbucks flavor and i love the natural vanilla flavor.  i brought this to work and my coworkers all agreed.  if you want a really sweet vanilla flavor, this is probably not for you.",0.9791651368141174,"['particular brand', 'nice smooth', 'give five', 'give shot', 'five star', 'natural fusion', 'think give', 'bold starbucks', 'would shot', 'give star']","['not like', 'coffee would', 'flavor not', 'flavored coffee', 'like coffee', 'coffee like', 'coffee not', 'like flavor']","['think give shot', 'coffee purist admit', 'give five star', 'think would shot', 'would give shot', 'think would give', 'nice smooth flavor', 'overwhelming vanilla flavor', 'say like starbucks', 'would say like']","['coffee vanilla flavor', 'flavor coffee would', 'like starbucks coffee', 'vanilla flavor not', 'coffee purist admit', 'coffee think would', 'coffee would give', 'despise flavor coffee']"
1,B003GTR8IO,1,266,249,10,0.4953668928070375,"['flavor', 'taste', 'starbucks', 'like', 'good', 'brew', 'ground', 'make', 'would', 'cup']","if you are an avid starbuck's coffee drinker, the natural fusions coffee is not for you.  plain and simple.  now, if you are a starbuck's drinker and looking for a good 'out the door' coffee that will hold you until you get to your local starbuck's store, then this coffee is a good choice.  i liken the starbuck's bagged coffees versus the chain offerings to bottled coca cola versus fountain coca cola.  the former is fantastic and the latter is just okay.  i actually found myself using a few more scoops of the bagged natural fusions coffee in an attempt to make it taste more like the original.  i guess if i did not know how good the real thing was, i would have given this coffee at least 4 stars.  it is good, but not nearly as good as the real thing.  is it better than other bagged choices out there?  not as good as the best offerings, in my opinion, but better than most.",0.9876734614372252,"['coca cola', 'gas station', 'tight cabinet', 'willing boutique', 'gold card', 'south america', 'co worker', 'eight clock', 'toddy system', 'starch starch']","['flavor coffee', 'flavored coffee', 'coffee not', 'starbucks coffee', 'coffee vanilla', 'like coffee', 'coffee taste', 'ground coffee']","['controller loathe fru', 'seal tight cabinet', 'willing pay boutique', 'mate peppermint mocha', 'responsibly grown ethically', 'cold toddy system', 'willing boutique price', 'lightly latin american', 'city time exact', 'responsibly ethically trade']","['natural fusion vanilla', 'vanilla flavor not', 'natural fusion coffee', 'starbucks natural vanilla', 'coffee vanilla flavor', 'starbucks fusion vanilla', 'natural fusion ground', 'fusion ground coffee']"
2,B003GTR8IO,2,0,1,3,0.4834780557906376,"['grind', 'press', 'usual', 'sell', 'offer', 'mention', 'easy', 'state', 'felt', 'fairly']","sadly, this tasted like nail polish remover smells.  really bummed out as i love seattle's best coffee vanilla (a starbucks-owned company).",0.4563237428665161,[],[],[],[]
3,B003GTR8IO,3,1,0,4,0.41478444575848644,"['slightly', 'quite', 'fair', 'almost', 'slight', 'body', 'fake', 'milk', 'friend', 'trade']",the product was expired by about 7 months. i did not see it anywhere on the product information. i was not impressed.,0.8749772310256958,[],[],[],[]
4,B003GTR8IO,4,0,0,6,0.4059305650821899,"['second', 'care', 'burnt', 'case', 'weak', 'disappoint', 'course', 'teaspoon', 'usual', 'call']",none,,[],[],[],[]
5,B003GTR8IO,5,0,0,3,0.34296259540686336,"['average', 'quickly', 'standard', 'pre', 'long', 'cooky', 'miss', 'interesting', 'decaf', 'let']",none,,[],[],[],[]
6,B003GTR8IO,6,0,0,1,0.3208313695442694,"['step', 'large', 'old', 'disappointing', 'whatever', 'fru', 'buck', 'stomach', 'among', 'gourmet']",none,,[],[],[],[]
7,B003GTR8IO,7,0,0,2,0.24086217608497223,"['husband', 'dunkin', 'donut', 'company', 'long', 'avoid', 'otherwise', 'consider', 'anything', 'variety']",none,,[],[],[],[]
0,B005K4Q34S,0,0,3,4,0.6131478926637979,"['never', 'cappucino', 'splenda', 'become', 'state', 'come', 'enough', 'month', 'disappoint', 'affordable']",i think half the cups were not filled or defective. they seemed empty and the coffe came out like cream colored water. yuck!,0.5553261637687683,['start day'],[],[],[]
1,B005K4Q34S,1,1,4,6,0.572028566141642,"['always', 'order', 'time', 'powder', 'thank', 'info', 'first', 'company', 'everyone', 'local']","i loved this and for a weight watcher is is so friendly, only 2 points plus. have already ordered it it again and will continue to do so. ",0.9083324670791626,"['win situation', 'low sugar', 'sugar free', 'taste really', 'really powder', 'sugar win', 'try buy', 'k cup', 'first try']","['low sugar', 'really powder', 'sugar free', 'sugar win', 'taste really', 'try buy', 'win situation']","['win situation brew', 'low sugar free', 'serving taste really', 'away low sugar', 'really powder tasting', 'sugar free diet', 'sugar win situation', 'taste really powder', 'fat sugar win']","['low sugar free', 'really powder tasting', 'serving taste really', 'sugar free diet', 'sugar win situation', 'taste really powder', 'win situation brew']"
2,B005K4Q34S,2,0,3,2,0.5371496565566529,"['empty', 'compare', 'afternoon', 'international', 'deal', 'food', 'completely', 'seriously', 'bottom', 'special']","whoever designed and/or created this product has never had a real cappuccino. even the ones from mcdonald's rank as gourmet compared to this vile substance. unless you are a fan of flavored laxatives,which is what this reminded me of, save your cash and just either buy an over priced cappuccino from a trendy cookie-cutter coffee vendor, mcdonald's or a gas station because any of them have better tasting product than this. i literally took a sip and spewed it out in the sink. it was foul. seriously, do not buy it.",0.4663495719432831,['k cup'],[],[],[]
3,B005K4Q34S,3,0,0,3,0.4973336150068498,"['full', 'catch', 'dark', 'roast', 'yum', 'addict', 'disgust', 'mind', 'overall', 'pre']",none,,[],[],[],[]
4,B005K4Q34S,4,1,1,4,0.4874721324088804,"['flavor', 'enjoyable', 'favorite', 'cappuccino', 'hazelnut', 'try', 'also', 'would', 'think', 'deliver']","for an enjoyable change from a coffee routine, i thought i would try this cappuccino.  what also caught my attention was ""hazelnut""..a favorite flavor for me. this product delivers very enjoyable, full flavored as hoped for.",0.7410658001899719,[],[],[],[]
5,B005K4Q34S,5,1,3,3,0.446662545228968,"['attention', 'ingredient', 'oil', 'hydrogenate', 'artificial', 'consider', 'syrup', 'espresso', 'vegetable', 'trans']","ingredient: partially hydrogenated vegetable oil (may contain coconut, soybean, sunflower, palm and/or canola), sugar, corn syrup solids, instant coffee, sodium caseinate, salt, natural and artificial flavors, cocoa (processed with alkali), dipotassium phosphate, cornstarch, mono- and diglycerides, silicon dioxide, soy lecithin, artificial color, ""sucralose"".",0.976495325565338,"['corn syrup', 'instant coffee', 'vegetable oil', 'fat increase', 'trans fat', 'artificial flavor', 'no level', 'ingredient not', 'k cup']","['artificial flavor', 'corn syrup', 'fat increase', 'ingredient not', 'instant coffee', 'k cup', 'no level']",['trans fat increase'],[]
6,B005K4Q34S,6,0,18,12,0.43753389258544784,"['sweet', 'bad', 'review', 'taste', 'usually', 'sugar', 'tooth', 'way', 'kind', 'fake']","it has that super sweet fake marshmallow in cereal taste. it is not great for coffe, but kids would probably love it. i was hoping to actually taste the hazelnut. all you taste is sweetness. it is an overload of the taste buds in all the worst ways. day one was okay, then progressively it gets worse and worse until now i feel like i have to write a review about it and i do not usually write reviews.",0.6650992035865784,"['diet soda', 'gas station', 'hydrogenate oil', 'additional milk', 'additional sugar', 'christmas gift', 'k cup', 'milk sugar', 'write review', 'grove square']","['coffee not', 'k cup', 'milk sugar', 'additional milk', 'additional sugar', 'bad feel', 'christmas gift', 'coffee sweet']","['progressively get bad', 'additional milk need', 'additional milk sugar', 'additional sugar need', 'no additional milk', 'no additional sugar', 'milk sugar need', 'get bad feel', 'no milk sugar', 'bad feel like']","['additional sugar need', 'bad feel like', 'bearing coffee taste', 'coffee taste excellent', 'get bad feel', 'k cup not', 'milk sugar need', 'no additional milk']"
7,B005K4Q34S,7,1,18,22,0.41061196011732254,"['change', 'good', 'price', 'tasting', 'buy', 'bit', 'one', 'convenient', 'wish', 'box']",the box had been opened before and was taped with scotch tape several of the kcups were leaking into the box and had to be tossed that is the first time that has happened but i was very disappointed.,0.9388880729675292,"['hot chocolate', 'others one', 'get rid', 'mix regular', 'regular k', 'rid mix', 'sickenly sweet', 'tasting rid', 'box regular', 'rid box']","['coffee cup', 'coffee like', 'not buy', 'sugar artificial', 'taste like', 'artificial get', 'artificial tasting', 'box mix']","['many others one', 'rid mix regular', 'rid box regular', 'get rid mix', 'mix regular k', 'tasting get rid', 'artificial get rid', 'box mix regular', 'get rid box', 'rid box mix']","['artificial tasting get', 'artificial tasting rid', 'box mix regular', 'buy box grove', 'coffee k cup', 'coffee taste like', 'ever buy box', 'get box mix']"
8,B005K4Q34S,8,8,20,11,0.363284638141563,"['taste', 'one', 'would', 'artificial', 'recommend', 'know', 'get', 'box', 'people', 'like']","in two words...awful and artificial.  i did not find any place i could find out what the ingredients were in this until after i got it and it tasted so weird.  i know, i should have checked it out first, but i did not even suspect artificial ingredients would be a concern.  anyway, it is non returnable but amazon did refund my money for this because to us, it is not fit for consumption.",0.97042977809906,"['ammount sweetness', 'everyone especially', 'hydrogenate oil', 'old roll', 'perfect ammount', 'perfect sweetness', 'reviwers mention', 'run decide', 'sweetner reviwers', 'caramel flavor']","['not taste', 'french vanilla', 'like coffee', 'would recommend', 'absolutely love', 'artificial sweetener', 'grove square', 'normally not']","['perfect ammount sweetness', 'sweetner reviwers mention', 'highly everyone especially', 'everyone especially normally', 'run sample decide', 'everyone especially people', 'reviwers mention drink', 'day old roll', 'recommend everyone especially', 'mention drink every']","['absolutely love get', 'absolutely love run', 'absolutely love sample', 'absolutely love sister', 'absolutely run sample', 'absolutely sister get', 'ammount not find', 'ammount sweetness find']"
9,B005K4Q34S,9,6,19,11,0.3568458542982394,"['make', 'use', 'buy', 'keurig', 'sweet', 'would', 'like', 'taste', 'drink', 'cannot']","first of all, tasted pretty good.  but, contacted a few keurig k-cup authorized on-line  sellers and was told by all that grove square are not approved by keurig and using them will void the warranty on your brewer. was told they are a ""pirated"" product.  upon inspection, i discovered that the content are powdered milk, sugar, artificial flavors and instant coffee!  not even real coffee. not sure if i will buy again but does taste like cafe vienna instant coffee products with the convenience of keurig. all authorized on-line sellers cannot carry them due to contracts with keurig. guess, buy at your own risk.",0.9830242991447448,"['next time', 'grove square', 'authorize line', 'authorize seller', 'reason star', 'line seller', 'waste money', 'also love', 'husband make', 'hot chocolate']","['would recommend', 'drink not', 'grove square', 'instant coffee', 'k cup', 'love cappuccino', 'not enough', 'not like']","['authorize line seller', 'also love cafe', 'love cafe escape', 'use ask wrong', 'husband make big', 'recommend also love', 'grove square cappuccino', 'make big regular', 'cup husband make', 'not use ask']","['cappuccino not use', 'coffee not buy', 'cup husband make', 'grove square cappuccino', 'husband make big', 'love cafe escape', 'make big regular', 'not real coffee']"
10,B005K4Q34S,10,57,190,41,0.31711521191027453,"['like', 'taste', 'cappuccino', 'k', 'get', 'good', 'buy', 'station', 'one', 'instant']",this is the first coffee i tried when i got my keurig.  i was so disappointed in the flavor; tasted like plastic (like drinking bottled water that was left in a hot car).  i thought maybe i had not cleaned the keurig enough so i put through more water and brewed another cup...same horrible taste.  i would not recommend this brand to anyone.,0.9713537096977234,"['apple cider', 'corn solid', 'defeat purpose', 'swiss etc', 'dark roast', 'packet swiss', 'special cleaning', 'gloria jean', 'partially vegetable', 'sam club']","['taste like', 'instant coffee', 'french vanilla', 'coffee not', 'not coffee', 'cup coffee', 'coffee like', 'station cappuccino']","['cal fat sat', 'fat sat carb', 'packet swiss etc', 'corn syrup solid', 'swiss miss etc', 'half mixture perfection', 'packet miss etc', 'packet swiss miss', 'international packet swiss', 'partially hydrogenate vegetable']","['get gas station', 'gas station machine', 'k cup coffee', 'cappuccino gas station', 'french vanilla cappuccino', 'coffee k cup', 'not coffee drinker', 'like gas cappuccino']"
11,B005K4Q34S,11,38,135,43,0.3130179881527765,"['great', 'love', 'cappuccino', 'price', 'taste', 'grove', 'square', 'k', 'good', 'like']","i ordered the grove square cappuccino cups, hazelnut.  the price was right, so i figured why not.  i prepared a cup & had to run out, so i took it with me, i took a few sips & it was really yummy. i had to run in for a short meeting & left the cup in the car.  it was a cool day & when i got back to the car, my coffee was cold. i picked it up & took a sip, i was pleasantly surprise at the creamy cold taste, it was fabulous.  so now i drink it cold & hot. very satisfied with the taste & creamines. so glad i tried it.  thanks amazon.  sylvia lorenzano",0.98090261220932,"['co worker', 'food international', 'general food', 'general international', 'hydrogenate oil', 'slimy green', 'single serve', 'wal mart', 'apple cider', 'careful drip']","['french vanilla', 'great price', 'vanilla cappuccino', 'taste great', 'french cappuccino', 'great taste', 'cappuccino cup', 'square cappuccino']","['general food international', 'grow slimy green', 'careful drip grow', 'job especially umm', 'shipping careful drip', 'month mean point', 'something slimy green', 'caramel apple cider', 'able switch time', 'drip grow something']","['cappuccino k cup', 'grove square great', 'k cup coffee', 'k cup great', 'coffee k cup', 'grove square cup', 'grove square french', 'love k cup']"
0,B0013A0QXC,0,0,0,12,0.7123548459625795,"['also', 'wonderful', 'favorite', 'convenience', 'instead', 'though', 'nothing', 'pad', 'bring', 'mug']",none,,[],[],[],[]
1,B0013A0QXC,1,0,2,6,0.6137123550153103,"['package', 'point', 'back', 'truly', 'flavour', 'colombian', 'popular', 'except', 'sensor', 'average']","the coffee had a deep flavor and was pretty good, but definitely not your neighborhood coffee shop espresso.it will do in a pinch.",0.417389303445816,[],[],[],[]
2,B0013A0QXC,2,1,3,17,0.4164058445466564,"['get', 'love', 'pod', 'every', 'morning', 'look', 'drink', 'favorite', 'save', 'make']",i love getting my pods via amazon through the club plan.  this saves me money and i get to drink my favorite coffee every morning.  this coffee tastes wonderful and also foams which makes it look elegant.,0.8692632913589478,"['senseo coffee', 'love coffee', 'love love', 'love get', 'coffee love']","['coffee love', 'love get', 'senseo coffee']","['love coffee best', 'love love coffee', 'love coffee love']",['love coffee love']
3,B0013A0QXC,3,201,219,38,0.39827737250848555,"['pod', 'cup', 'good', 'use', 'roast', 'like', 'one', 'taste', 'flavor', 'blend']","okay, so i like a strong cup of coffee.  i tried the senseo dark roast and it was very good -- bold, but smooth taste.  the breakfast blend was really weak and tasted a little bit like wet cardboard or, as the peanuts comic once said, like hot water with a brown crayon in it that needed more crayon.  i even used two pods for the smaller cup of coffee and it was still way too wimpy for me.  it still had the nice crema layer, it just had no taste.  i realize everyone has different coffee preferences.  but for someone who likes a stronger, more espresso-like coffee, i would tell them to steer clear of this roast.",0.9860907196998596,"['egg nog', 'fair trade', 'reunion island', 'wolfgang puck', 'fair organic', 'fratello halo', 'fully seal', 'grindmaster opod', 'trade organic', 'sara lee']","['coffee pod', 'cup coffee', 'coffee maker', 'senseo pod', 'coffee not', 'use pod', 'coffee senseo', 'good coffee']","['fair trade organic', 'powder splash half', 'pull filter tray', 'hope list helpful', 'cool keurig slow', 'splash half sugar', 'heat milk microwave', 'four star rating', 'europe bring suitcase', 'fourth fifth one']","['senseo coffee pod', 'dark roast pod', 'dark roast coffee', 'senseo roast coffee', 'make cup coffee', 'coffee dark roast', 'roast coffee pod', 'senseo coffee machine']"
4,B0013A0QXC,4,1,0,8,0.35162612964590245,"['cup', 'rich', 'make', 'maker', 'morning', 'dark', 'froth', 'cream', 'sip', 'relaxed']","dark rich coffee between your lips, sipping slowly..................aah! my senseo coffee in my senseo coffee maker , frothing the cream in the cup makes me so relaxed, but energized in the morning!",0.9444199204444884,['senseo coffee'],[],[],[]
5,B0013A0QXC,5,51,64,42,0.35063331004402853,"['amazon', 'price', 'store', 'order', 'pod', 'find', 'buy', 'purchase', 'year', 'local']","i have not been happy with my order. i love this senseo coffee but cannot find the sumatra flavour in the stores. my first order was disappointing.apart from two of the bags, every bag had one pod with a tear in it making it unusable. the other two bags... one had no torn pods and the other had two torn pods. so i am averaging one unusable pod per bag which bumps up the cost of the coffee. i find this unacceptable but will see how the second order pans out as i have already received it.if i have the same problem i will cancel future orders and buy my coffee elsewhere.",0.9838606119155884,"['brick mortar', 'froth top', 'urgently review', 'worry run', 'sara lee', 'wal mart', 'never brick', 'reassess euro', 'post office', 'coupon print']","['coffee pod', 'dark roast', 'grocery store', 'local store', 'coffee maker', 'coffee amazon', 'love coffee', 'find store']","['never brick mortar', 'reassess drop euro', 'reassess euro euro', 'coupon target print', 'even coupon print', 'wal mart target', 'need urgently review', 'coupon print two', 'current september per', 'urgently review subscription']","['senseo coffee maker', 'local grocery store', 'dark roast pod', 'dark roast senseo', 'love senseo coffee', 'buy senseo coffee', 'dark roast coffee', 'get hard find']"
0,B000NMJWZO,0,0,1,1,0.6214610111336254,"['surprise', 'include', 'rise', 'important', 'less', 'pricey', 'imagine', 'accurate', 'else', 'amount']",this mix makes anything you can think of!  i cannot imagine living gluten-free without it.  do not hesitate to give it a try!,0.3747354149818421,[],[],[],[]
1,B000NMJWZO,1,0,1,7,0.568175179676068,"['sugar', 'prefer', 'mixed', 'pure', 'live', 'thank', 'celiacs', 'read', 'bit', 'soon']","this pamela's ultimate baking and pancake mix is just wonderful.  normally i believe pancakes are inferior to other breakfast foods such as waffles, hashbrowns and even cereal, but this particular type of pancake mix is right on the money and tastes delicious.  i strongly recommend it for all pancake lovers and haters!  you will not be hating pancakes after trying this delicious stuff!  if you still desire a hatred towards pancakes after a full belly at the breakfast table you must be completely out of your gourd!",0.4992867410182953,['pancake mix'],[],[],[]
2,B000NMJWZO,2,351,173,11,0.5307513543937075,"['use', 'pamela', 'recipe', 'good', 'great', 'love', 'flour', 'like', 'try', 'bread']","i have been on a gluten-free diet for the past 2 months.  most of my cooking has been from scratch so i love this mix as i use my same recipes and do not even altar them at all.  i use this mix for my favorite roll and cut biscuits.  my favorite muffin recipe is the one on the back of the sack which is pamela's sour cream coffee cake.  i use muffin tins and do not use the glaze.  this cinnamon and raisin filling is good but i also leave this filling out sometimes and add chocolate chips or blueberries for variety.  i also found a pie crust recipe on the internet that uses almond flour and brown rice flour.  i use pamela's for the brown rice flour and it was great for our pecan pie at thanksgiving.  at christmas, i will put foil over the crust as it browned too much before the pie was done.",0.988559901714325,"['albuquerque thankyou', 'chi soooo', 'betty crocker', 'room temp', 'senior citizen', 'steam collect', 'agave nectar', 'criss cross', 'culture natural', 'fall apart']","['baking mix', 'make pancake', 'mix make', 'free mix', 'bake mix', 'pamela mix', 'use mix', 'pancake waffle']","['negative manner search', 'yum yum debate', 'potato grainless aluminum', 'scoop dough onto', 'bob red mill', 'manner search various', 'starch grainless aluminum', 'yum debate autism', 'coat beef stew', 'potato starch grainless']","['pamela baking pancake', 'pamela pancake mix', 'best gluten free', 'gluten free diet', 'gluten free pancake', 'bisquick bisquick bisquick', 'chocolate chip cooky', 'pamela bake mix']"
3,B000NMJWZO,3,2,4,9,0.5261001389658843,"['pamela', 'bag', 'even', 'bake', 'cooky', 'one', 'gum', 'xanthan', 'worth', 'baking']","do not even bother with other gluten-free baking mixes - this one's the best!  why i love it:  1) excellent taste.  i have experimented with other gluten-free mixes and there is usually something ""off"".  i even tried one that had a strange, subtle metallic flavor.  i have fooled gluten eaters with pamela's - they could not differentiate from gluten pastries.  2) anyone who is ever had to bake for a gluten-free diet knows the annoyance of procuring and figuring out xanthan gum.  in pamela's case, the xanthan gum's already included in the mix, so there is one less thing to worry about.  i tried baking cookies without pamela's mix and forgot the xanthan gum.  surprise, surprise, my cookies did not rise.  so this is important.  3) versatility.  so far, i have made pancakes, scones, crepes, chocolate chip cookies, pizza crust and cakes with pamela's.  the range of what you can make with this mix is amazing.  any time i have to create a gluten-free version of an old favorite food, i can probably create something using pamela's.  4) for what it is worth, the recipe ideas on the back of the bag are very helpful - and accurate.  i have gotten so annoyed by inaccurate recipes on food packages.  by contrast, i have found the ingredient amounts on the bag of the mix bag to be good.  as with most gluten-free prepared mixes, pamela's is a little pricey.  even with this discounted deal of 3 bags, you are still paying nearly $15 a bag.  but the bags themselves are pretty big - it takes me weeks to go through 1 bag, but i am an amateur baker.  if you are a professional or you bake more often than the average person, your needs will of course be different.  also, the sheer quality makes the price worth it.  i cannot imagine baking with anything else now.",0.8199226856231691,"['chocolate chip', 'gum surprise', 'quit try', 'xanthan gum', 'surprise cooky', 'make scone', 'chip cooky', 'chocolate cooky', 'try find', 'try try']","['chocolate chip', 'mix best', 'not gluten', 'try try', 'xanthan gum', 'baking mix', 'chip cooky', 'chocolate cooky']","['beat quit try', 'try find replacement', 'xanthan gum surprise', 'quit try try', 'gum surprise cooky', 'chocolate chip cooky', 'surprise cooky not', 'try try find', 'gluten free diet', 'far gluten free']","['try try find', 'beat quit try', 'chocolate chip cooky', 'far gluten free', 'gluten free bake', 'gluten free baking', 'gluten free diet', 'gum surprise cooky']"
4,B000NMJWZO,4,0,2,15,0.4079875033789344,"['different', 'old', 'ingredient', 'version', 'big', 'strange', 'figure', 'worry', 'baker', 'food']","personally, i prefer the gluten free products from bob's red mill. this one did not taste as good or as fresh. i will stick with bob's.",0.4427621066570282,[],[],[],[]
5,B000NMJWZO,5,1,7,12,0.32844254131189354,"['say', 'flavor', 'sweet', 'try', 'best', 'real', 'absolutely', 'add', 'excellent', 'quite']","before i say anything, i should let you know that this is the very first pre-mixed gluten free flour i have tried. with that said, this mix makes absolutely delicious pancakes that are best enjoyed with real, pure maple syrup. in fact, i quite prefer the pancakes from this mix to those containing gluten. my only complaint is that when i bake with them, the sweet flavor of the mix can be a bit overpowering. if you adjust the amount of sugar added, this becomes less of an issue. overall, this is an excellent mix!",0.8713437914848328,"['bunch ingredient', 'lodge griddle', 'lodge logic', 'logic griddle', 'maple syrup', 'real maple', 'add bunch', 'add ingredient', 'flour say', 'gluten free']","['best pancake', 'bunch ingredient', 'flour say', 'gluten free', 'lodge griddle', 'lodge logic', 'logic griddle', 'maple syrup']","['lodge logic griddle', 'real maple syrup', 'add bunch ingredient', 'best pancake ever']","['lodge logic griddle', 'real maple syrup']"
0,B000KV61FC,0,0,0,3,0.7024080960676234,"['people', 'buddy', 'dangerous', 'result', 'pass', 'fit', 'normal', 'brand', 'maybe', 'shepherd']",none,,[],[],[],[]
1,B000KV61FC,1,2,3,11,0.5755672397231756,"['purple', 'etc', 'probably', 'pull', 'waste', 'two', 'review', 'without', 'bore', 'worry']",my min-pin shows absolutely no interest in this item. he is usually very receptive to anything that dispenses treats.,0.9181697964668274,"['jug plastic', 'two dog', 'plastic rope', 'jug rope', 'dog toy', 'toy not', 'not rope']","['jug plastic', 'jug rope', 'not rope', 'toy not', 'two dog']",['jug plastic rope'],[]
2,B000KV61FC,2,0,0,1,0.5627639886174389,"['supervise', 'extremely', 'disappoint', 'cause', 'chase', 'n', 'carpeted', 'brittle', 'delight', 'bare']",none,,[],[],[],[]
3,B000KV61FC,3,1,5,15,0.5286693994748863,"['rope', 'work', 'get', 'really', 'chew', 'treat', 'day', 'last', 'still', 'play']","my dog really enjoyed this. she spent hours trying to get the treats out. but in the first 10 minutes she chewed the plastic 'rope' in half out of frustration. so now the toy does not work as intended, but still i put her dog food in there since i know she will be able to get it out pretty easily, it will just take more work than the bowl. this is a really great toy, just wish the rope would have lasted a day. so be sure to supervise play before you leave your dog with this one.",0.9536582827568054,"['put food', 'abandon one', 'hour get', 'rope would', 'chew rope', 'dog enjoy', 'toy not', 'one play']","['dog enjoy', 'hour get', 'one play', 'put food', 'rope would', 'toy not']","['abandon one play', 'one play quite', 'toy abandon one']",['toy abandon one']
4,B000KV61FC,4,1,0,0,0.511418234987112,"['jar', 'puzzle', 'base', 'touch', 'often', 'pound', 'barely', 'unless', 'afraid', 'tip']",this  is  too big  for dogs  under  15 pounds and  has  not  proven effective for us,0.849992573261261,[],[],[],[]
5,B000KV61FC,5,0,1,2,0.5060115124805916,"['container', 'change', 'block', 'cord', 'size', 'otherwise', 'stop', 'walk', 'enjoy', 'receive']","our dog chewed through ate the vanilla infused rope.  ropes do not show on x-rays and ultra sound.  the dog was vomiting up to 15 times a day.  day 3 - our dog could not walk any more. luckily our vet convinced us to do exploratory surgery and found the rope knot in our dog's intestines.  it is a very hard knot that will tear the intestines.  if not for this surgery, our dog would had died from the obstruction.",0.5744710564613342,"['time day', 'infuse rope', 'knot intestine', 'rope not', 'day dog']","['knot intestine', 'rope not', 'time day']","['vomit time day', 'vanilla infuse rope', 'infuse rope not', 'rope not show', 'day dog could', 'time day dog']","['rope not show', 'time day dog', 'vanilla infuse rope', 'vomit time day']"
6,B000KV61FC,6,0,0,4,0.4334203511871242,"['rough', 'wood', 'beagle', 'soft', 'pay', 'prefer', 'disappointed', 'spike', 'else', 'cotton']",none,,[],[],[],[]
7,B000KV61FC,7,0,0,0,0.3993962558466778,"['maybe', 'render', 'strategy', 'fragile', 'fly', 'release', 'useless', 'siberian', 'construction', 'kick']",none,,[],[],[],[]
8,B000KV61FC,8,0,0,1,0.39410123663117747,"['lid', 'proof', 'finish', 'gulp', 'breakfast', 'somewhat', 'breed', 'loose', 'bullet', 'short']",none,,[],[],[],[]
9,B000KV61FC,9,341,202,4,0.35426764649374504,"['get', 'treat', 'rope', 'food', 'jug', 'one', 'love', 'bottle', 'keep', 'would']","we bought this for our 5 month old lab to keep her from inhaling her dinner in 5 seconds flat. we have now purchased 2 more as gifts for other dog owners.  it took our dog a day and a half to figure this toy out. at first she barked at it since she was frustrated that she could see and smell her kibble but could not get to it. after a few happy mistakes with pawing at it and watching us pull the rope, she caught on. now it takes her 20 minutes to eat her 1.5 cups of kibble inside.  great features: - durable and easy to wash nalgene type material - ""rope"" is actually a flexible rubber stick, making washing/sanitizing easy - screw-off bottom makes loading up the toy simple - translucent bottle so you can see how much kibble is left - can hold all sorts of sizes of kibble  challenging feature: - it can sometimes take a few tries to get the bottom screwed back on b/c the threads are narrow. but, then again the bottom has never fallen off and the dog cannot figure out how to unscrew the bottom.  we had tried other 'treat balls' in the past, but found that they could not hold enough kibble to keep the activity going for very long. other treat ball products were either to big or small for our dog's kibble, making getting the food out either way too easy (it fell right out) or too hard (it took a human with thumbs to get it out). finally, the other treat balls were a solid rubber which meant in order to know if anything was left you had to pick it up and shake it. these were the kinds that we impossible to clean as well.  we highly recommend this product. so does roxxee, our dog, who still finds eating to be a fun activity.",0.9939593672752379,"['driveway bye', 'gon na', 'gracie annie', 'patio deck', 'helpful hint', 'nubby football', 'phone client', 'separation anxiety', 'shih tzu', 'cream cheese']","['get food', 'dog not', 'toy dog', 'keep busy', 'love toy', 'toy not', 'chew rope', 'dog love']","['onto driveway bye', 'carpet fuzzies taj', 'zuke mini bakes', 'tends dribble try', 'bullet proof material', 'hound follow nose', 'moment peace work', 'ping pong ball', 'jack russell terrier', 'sign wear tear']","['could not get', 'get treat not', 'can not get', 'great toy dog', 'not get treat', 'treat dispense toy', 'figure get treat', 'toy keep busy']"
0,B001EO5Q64,0,126,146,53,0.5426867656640615,"['coconut', 'love', 'great', 'one', 'get', 'cook', 'like', 'skin', 'jar', 'try']","nutiva's brand of organic ev hexane-free coconut oil is awesome. first, i admit it is the first and only one i have tried, but after reading scores of reviews and my holistic health practitioner suggesting i take in 2 tbsp. a day, i wanted the best. and at amazon, you get the best prices, especially with subscribe & save (how great is that?)!  when i opened the jar the very first time, i was amazed at the deliciously fresh coconut aroma. it is intoxicating! i do like coconut, so that helps. but it took me a while to get up the nerve to heat it up and pour it into my frozen fruit smoothie (frozen banana, strawberries, blueberries, juice). i thought somehow it had solidify back up and i would get big chunk-o-fat globules in my shake. not at all!  when i heated it up on the stove so that it had liquify, the scent was of toasted coconut (mmmm, so yummy), so i thought it had taste great in my smoothie. what surprised me was that it added no taste at all. i am now using it every day, as suggested.  then it took me a while to try frying with it because i figured it had impart mild coconut flavor to my savory dishes (potatoes, chicken, eggs), which i would not want. but i just tried it over the past two days, a little with scrambled eggs and a lot with searing boneless breasts of chicken (which were finished in the oven on a tray coated with more coconut oil). i tasted zero coconut flavor in any of it! i am so psyched about this! so now i will be using organic olive oil for dressings and other raw applications and coconut oil with nearly everything else.  also, i read that the plastic tubs it comes in are bpa-free...fabulous! have not tried baking with it yet, but i did use it on my very chapped hands, and it was great. smells like ole hawaiian tropic!!! i love that beach smell!  i highly and enthusiastically recommend nutiva coconut oil...it is awesome!!!!",0.9945440888404846,"['ohhh la', 'indeed winner', 'african american', 'completely third', 'layer itch', 'lip balm', 'saut eacute', 'chia seed', 'head toe', 'pleasantly surprised']","['use coconut', 'oil use', 'use hair', 'extra virgin', 'love coconut', 'also use', 'oil not', 'use cook']","['shave ohhh la', 'draw line draw', 'flaky foot peel', 'person draw line', 'drastic improvement may', 'go bing ehow', 'bubble wrap bag', 'la no razor', 'ohhh la no', 'indeed winner body']","['virgin coconut oil', 'extra virgin coconut', 'extra coconut oil', 'extra virgin oil', 'love coconut oil', 'coconut oil not', 'organic extra virgin', 'organic coconut oil']"
1,B001EO5Q64,1,5,20,13,0.5312013876092397,"['hair', 'skin', 'work', 'coconut', 'dry', 'soft', 'rash', 'leave', 'tub', 'also']","the coconut oil's aroma when i put it on toast or rice is just heavenly. the taste is amazingly good too! since it came in two tubs, i have one in the kitchen for consumption and the other one in my bathroom for my hair since i researched and found that coconut oil is supposed to be good for natural hair. my mane is definitely softer to touch although it is typically not course or difficult to manage. i just got it last week so will see how it goes. the hot oil treatment with coconut oil is next on my to-do list. careful when you use it on hair though, when i do not wrap my hair, i wake up with zits (prolly from the oil on my pillow). some say it works to relieve acne, some say it causes acne. i blame it for the acne i have since i had been acne free for weeks until i applied the coconut oil on my hair.  overrall, i will be a regular buyer of this product.",0.988143801689148,"['boo fan', 'bruise boo', 'extra virgin', 'tea tree', 'extra olive', 'son cloth', 'virgin olive', 'overly long', 'room temp', 'price quality']","['use oil', 'use coconut', 'use skin', 'hair skin', 'hair soft', 'oil oil', 'also use', 'cooking not']","['bruise boo fan', 'cut bruise boo', 'linger overly long', 'worth price quality', 'extra virgin olive', 'long enough enjoy', 'boo fan love', 'overly long enough', 'solid room temp', 'continue buy primarily']","['coconut oil oil', 'use hair skin', 'coconut oil cooking', 'coconut oil great', 'hair soft shiny', 'leave hair soft', 'not try yet', 'oil coconut oil']"
2,B001EO5Q64,2,7,18,25,0.494387953065182,"['hair', 'skin', 'soft', 'dry', 'body', 'leave', 'moisturizer', 'cooking', 'conditioner', 'work']","i am now a confirmed addict of this stuff. if i run out, i start craving it. popcorn is just not the same without melted coconut oil and sprinkling of coarse sea salt. cannot be morre specific than to say that my body 'feels' better--joints, mobility, sense of well being since i started consumming it regularly. the scent of it is intoxicating as well. i for one do not need a scientific ""paper"" to tell me what my body needs and responds well to.",0.9788228869438172,"['healing property', 'seborrheic dermatitis', 'lauric acid', 'walk around', 'within minute', 'treatment sometimes', 'can believe', 'sooo nice', 'bit frizzy', 'day wear']","['use hair', 'use oil', 'also use', 'skin hair', 'hair use', 'make hair', 'hair make', 'lip balm']","['treatment sometimes put', 'way well sking', 'put one kitchen', 'face look way', 'can not believe', 'skin seborrheic dermatitis', 'look way well', 'hot oil treatment', 'use lip balm', 'benefit coconut oil']","['hair make hair', 'use coconut oil', 'awesome not use', 'awesome use hair', 'benefit coconut oil', 'can not believe', 'coconut oil cerave', 'coconut oil flake']"
3,B001EO5Q64,3,49,68,32,0.4902047919532125,"['coconut', 'smell', 'good', 'taste', 'great', 'make', 'like', 'cook', 'would', 'try']","at this point i have ordered this coconut oil several time and i feel confident that nutiva delivers a consistently excellent product. there is definitely some coconut taste due to the fact that it is a virgin product but that does not bother me at all. the taste and texture are alot more pleasant than other brands of coconut oil i have used in the past. i usually use it when making scrambled eggs or other assorted foods on the skillet. i can sometimes detect a little sweetness but i like it, especially with something salty. i have also used this oil to make chocolate truffles and baked goods and it has always come through like a champ. i highly recommend this as a great oil for any culinary purpose and i will definitely buy it again.",0.9846702218055724,"['chafing pump', 'african american', 'amish country', 'candida overgrowth', 'fit bill', 'head toe', 'paper towel', 'african woman', 'american woman', 'arm leg']","['oil use', 'also use', 'use coconut', 'use hair', 'like coconut', 'smell taste', 'use butter', 'coconut flavor']","['african american woman', 'wipe paper towel', 'no chafing pump', 'brush teeth white', 'evco brush teeth', 'um yes no', 'take hour soak', 'teeth white ever', 'evoo take hour', 'room temp tend']","['good coconut oil', 'virgin coconut oil', 'extra coconut oil', 'extra virgin coconut', 'extra virgin oil', 'go long way', 'little go long', 'love coconut oil']"
4,B001EO5Q64,4,0,1,6,0.4772703337025163,"['fat', 'saturate', 'magnesium', 'book', 'risk', 'study', 'life', 'company', 'trust', 'everyone']","i wrote a review of this product detailing my own experience with this product and coconut oil in general. it generated a good discussion spanning 97 comments, however it was not very concise and i wished i had made my points more clearly. this is a rewrite of my initial review.  i purchased this product because i had heard stories in the popular media about how coconut oil contains a healthy form of saturated fat. i welcomed this news because coconut oil is a fun ingredient. it has a high smoke point, a great taste, and does not go rancid.  as a chemist, the hypothesis for why it may be healthier made sense to me. coconut oil contains medium chain saturated fats, which differ from the long chain saturated fats found in red meat. i studied lipid transport during my phd and i think it is totally possible the body does different things with these two different chemicals.  however it is also totally possible that the two types of saturated fat both increase one's risk of cardiovascular disease. to figure this out, i looked through the literature and spoke with people to see what proof there was.  what i found was that the arguments that suggest medium chain saturated fats are health appeared flawed to me. here are the arguments i have heard:  some people reference studies of island dwelling-people who eat diets rich in coconut fats. these people have low rates of heart disease. the problems with these studies are significant. first, these people often die earlier than westerners, and that is why they have lower cardiovascular disease. they have lower rates of alzheimer's disease too. this is because of the second, larger problem: there are many things about the life of an island-dwelling person that is different than that of a westerner. maybe the diet is the cause of an observed effect, maybe it is the increased exercise or different sleep pattern. you just cannot draw conclusions when so many variables have changed. islanders are just too different to use as a model.  some people trust books written about the subject like ""the coconut oil miracle"" or ""the healing miracle of coconut oil"". the problem with these books is that they are books, not studies. to prove something, you have to perform a study. to make their arguments, they often cite studies, but the studies are like the one above, typically flawed. there is not a paper published that shows medium chain saturated fats do not increase the risk of cardiovascular disease the way saturated fats do.  there have also been citations from doctors such as dr. mercola. it is best to take advice from leaders in the field, rather than doctors trying to sell a book or treatement. specifically dr. mercola has been admonished by the fda for making misleading claims:  [...] be careful who you trust.  ultimately, there is no evidence that medium chain saturated fats have different health effects than saturated fats. the most convincing argument in favor of coconut oil is that saturated fats themselves are not dangerous. there is controversy on this subject (just like with most medical subjects) but the vast majority of the data supports the idea that saturated fat increases your risk of cardiovascular disease. to support this, here are some sources.  1) harvard university school of public health published this easy guide to fats and cholesterol: [...] here they recommend that you should not decrease fat intake overall, just replace saturated fats with unsaturated, the less saturated the better. 2) the most convincing paper on this subject says this: ""based on consistent evidence from human studies, replacing saturated fat with polyunsaturated fat modestly lowers coronary heart disease risk, with ~10% risk reduction for a 5% energy substitution; whereas replacing saturated fat with carbohydrate has no benefit and replacing saturated fat with monounsaturated fat has uncertain effects. ""  to restate this, if you replace saturated fat with polysaturated fat, you will reduce your risk of heard disease. the authors say a 10% risk reduction is modest, but consider that you are most likely to die for a heart attack so a 10% risk reduction is quite welcome in my opinion. further research has shown ""the meta-analysis of the trials showed that increasing polyunsaturated fat consumption as a replacement for saturated fat reduced the risk of coronary heart disease events by 19%."" that is a huge effect. citation is here: lipids. 2010 oct;45(10):893-905. epub 2010 mar 31. saturated fat and cardiometabolic risk factors, coronary heart disease, stroke, and diabetes: a fresh look at the evidence. micha r, mozaffarian d. department of epidemiology, harvard school of public health, boston, ma 02115, usa. 3) finally here is a list of all the studies done on the subject, what you will find is that, while the topic is controversial, it is not a 50/50 toss-up. the majority of studies find saturated fat to increase the risk of cardiovascular disease. [...]  to summarize what i learned from these conversations and articles, i now know that there is no proof that medium chain saturated fats behave differently than long chain saturated fats, and i know saturated fats likely increase your risk of cardiovascular disease as much as 19%.  i decided to take the more conservative path and i sold the coconut oil i bought, hopefully to someone who plans on using it in some other way besides eating it. i hope to realize the health benefits associated with replacing saturated fats in my diet with polyunsaturated fats.",0.5232705473899841,"['dr mercola', 'harvard school', 'island dwell', 'school public', 'totally possible', 'low rate', 'cite study', 'coronary heart', 'public health', 'school health']","['chain fat', 'chain saturate', 'cardiovascular disease', 'risk disease', 'fat increase', 'fat risk', 'increase risk', 'medium chain']","['harvard school public', 'often cite study', 'school public health', 'cite study like', 'risk reduction energy', 'study like one', 'low rate disease', 'oil problem book', 'problem book not', 'coronary heart disease']","['increase risk cardiovascular', 'medium chain fat', 'medium chain saturate', 'medium saturate fat', 'risk cardiovascular disease', 'increase cardiovascular disease', 'increase risk disease', 'replace saturate fat']"
5,B001EO5Q64,5,1,3,4,0.4437891543063996,"['bread', 'itch', 'weight', 'four', 'purity', 'pancake', 'live', 'layer', 'care', 'lip']",this product so far has been easy to use and has met my expectations. i am new to using this type of product.,0.8729927539825441,"['even pet', 'coconut oil', 'dry skin', 'skin irritation', 'clear skin']","['dry skin', 'even pet', 'skin irritation']",[],[]
6,B001EO5Q64,6,45,66,38,0.4039987308435391,"['coconut', 'good', 'taste', 'like', 'flavor', 'brand', 'health', 'one', 'benefit', 'find']","first things first: the flavour of this coconut oil is wonderful. very clean on the tongue with just a slight back hint of coconut flavour. yes, this will slightly flavour some of your dishes to taste faintly of coconut if the dish is not heavily spiced. when i use coconut oil in place of butter for many ethiopian and indian dishes, i do not really notice any coconut flavour--but these are heavily spiced cuisines and so the sheer level of spice involved will cover up the delicate coconut flavour of this oil. in baking, however, there is a wonderful little hint of it. when i have made cookies and cakes using this in place of shortening or butter, many people have commented that something felt different about the dessert, but they could not put their finger on it right away until i would suggest coconut. i say all of this, though, in case someone who absolutely hates coconut is considering using coconut oil as a part of their diet. while it has many great health benefits, if you cannot stand the flavour of coconut in any shape or form, you probably will not enjoy this product. i personally enjoy the added depth and dimension is gives my food, as well as the fact it is cholesterol free.  if you are thinking this would not taste like anything, then you are thinking of what is called ""rbd coconut oil"", that is to say, coconut oil which has been refined, bleached, and deodorised. this is not that product, and in my opinion, is far superior to any rbd coconut oil you could find.  now, the health benefits. coconut gets props for being cholesterol free. many people want to downplay its wonderfulness by pointing out that it is loaded in saturated fats. however! the saturated fats found in coconut oil are mostly medium-chain fatty acids, which bind together to form medium-chain triglycerides. medium-chain triglycerides, or mcts, are much easier for the body to break down and process than long-chain triglycerides, which are the saturated fats that are usually predominant in our diets. because mcts are so easily broken down in the body, they do not put a great strain on your pancreas or digestive system. coconut oil is not a cure-all, however. it is not some miracle food (imo), but i do think it should be seen as a healthy, viable alternative to butter and some cooking oils. should it replace these other oils and butter outright? no, i do not think so. but i think it deserves a place of respect alongside your butter and olive oil in the kitchen.",0.9957861900329591,"['course hour', 'hour reading', 'already overweight', 'avoid naturally', 'avoid premise', 'christmas sample', 'hemp seed', 'ice cream', 'mounds concerned', 'premise naturally']","['use oil', 'oil use', 'extra virgin', 'use coconut', 'virgin oil', 'health benefit', 'virgin coconut', 'love coconut']","['course hour reading', 'avoid premise naturally', 'able course hour', 'avoid naturally saturate', 'avoid premise saturate', 'coat whole greasy', 'greasy combine eden', 'greasy gunk eden', 'premise naturally saturate', 'theater christmas sample']","['extra virgin oil', 'extra virgin coconut', 'extra coconut oil', 'coconut oil use', 'coconut oil not', 'organic extra virgin', 'brand coconut oil', 'oil coconut oil']"
7,B001EO5Q64,7,2,5,13,0.3765502103632624,"['box', 'jar', 'leak', 'problem', 'eczema', 'plastic', 'container', 'seal', 'bag', 'low']","we use this oil for tons of things!  it cleared up our son's cradle cap (in 2 days), baby acne (in 3 days), eczema (in 2 days) and cuts/scrapes (usually the same day).  we use it for cooking and for sunscreen.  great product!",0.9555346369743348,"['though refrigerate', 'surface scrap', 'great terrible', 'new opaque', 'sunscreen great', 'mold surface', 'full oil', 'jar nutiva', 'oil pay', 'opaque jar']","['find oil', 'full oil', 'great terrible', 'jar nutiva', 'mold surface', 'new opaque', 'oil bottom', 'oil pay']","['surface scrap within', 'away though refrigerate', 'cook sunscreen great', 'great terrible experience', 'sunscreen great terrible', 'mold surface scrap', 'full oil pay', 'refrigerate oil hard', 'though refrigerate oil', 'coconut full oil']","['cook sunscreen great', 'full oil pay', 'great terrible experience', 'like mold surface', 'mold surface scrap', 'oil pay seal', 'refrigerate oil hard', 'sunscreen great terrible']"
8,B001EO5Q64,8,0,2,3,0.37058622609983244,"['whatever', 'staple', 'pop', 'corn', 'popcorn', 'warm', 'ready', 'delivery', 'boyfriend', 'advice']","this is the absolute finest oil for baking...also great on the skin. bye-bye, canola oil and genetically modified oils! put me on automatic delivery !",0.5875770449638367,"['bye canola', 'skin bye']",[],"['great skin bye', 'skin bye canola', 'bye canola oil']",['skin bye canola']
0,B0026RQTGE,0,1,9,11,0.5102830718570288,"['bad', 'know', 'everything', 'really', 'sensitive', 'cause', 'meal', 'would', 'piece', 'break']",my dog's morning just would not be complete without her greenie! i think it is the minty scent that drives her crazy but she loves them. she is @18 lb so the teenies are just right for her.,0.93854820728302,"['still know', 'tasty dangerous', 'wheat gluten', 'dangerous love', 'make happy', 'cause allergy', 'greenies tasty', 'know make', 'dog however', 'not without']","['dangerous love', 'dog however', 'dog love', 'greenies tasty', 'know dog', 'know make', 'make happy', 'not without']","['spell still know', 'still know make', 'greenies tasty dangerous', 'make greenies tasty', 'tasty dangerous dog', 'know make dog']","['make greenies tasty', 'spell still know', 'still know make', 'tasty dangerous dog']"
1,B0026RQTGE,1,6,5,8,0.48323675521023307,"['em', 'good', 'recommend', 'soon', 'run', 'smell', 'stuff', 'problem', 'brushing', 'well']",not only my logs like these snacks... me too because their mouth is not stinky anymore! ;) i will keep on buying it because of that reason. dog lovers: you will like this product.,0.92840313911438,"['greenie black', 'holler greenie', 'christmas present', 'highly recommend', 'leave screen', 'mail lady', 'screen door', 'screen open', 'leave door', 'door open']","['dog not', 'door open', 'greenie black', 'highly recommend', 'holler greenie', 'leave door', 'leave screen', 'love chew']","['greenie black fur', 'holler greenie black', 'lady holler greenie', 'leave screen door', 'leave screen open', 'screen door open', 'leave door open']","['lady holler greenie', 'leave door open', 'leave screen door', 'leave screen open', 'screen door open']"
2,B0026RQTGE,2,28,31,38,0.43348123670315697,"['greenies', 'box', 'order', 'time', 'size', 'price', 'receive', 'come', 'package', 'purchase']","half way through the supply, i noticed that there were tiny white worms boring through a greenie so i checked the remaining greenies and they also had worms.  please empty the contents of the box and check the greenies when you receive your order before giving them to your dog.  this may have been an isolated incident but it would only take a few minutes to check the contents for freshness.",0.9739938378334044,"['added bonus', 'stick together', 'zip lock', 'zip pouch', 'literally dance', 'lock pouch', 'week later', 'get point', 'p start', 'joint care']","['box greenies', 'teenie size', 'year old', 'could not', 'not order', 'price increase', 'buy greenies', 'dog know']","['get point leak', 'zip lock pouch', 'pooped try get', 'try get point', 'know nap time', 'greenies stick together', 'nap time treat', 'box picture show', 'teenie size end', 'time treat wonderful']","['box picture show', 'dog know exactly', 'dog love business', 'dog love greenies', 'dog love much', 'get point leak', 'greenies lite dog', 'greenies super price']"
3,B0026RQTGE,3,233,199,52,0.36792183346715185,"['greenies', 'teeth', 'treat', 'get', 'one', 'give', 'breath', 'like', 'clean', 'chew']","i will continue to give these to my dogs. they like them and supposedly they clean their teeth. i started to give these to my dog daily, but her digestive system did not like it enough for that. most of it seems to be digestible, but she threw up green foam on the morning after the second day in a row of eating one-a-day greenies. note that she was also constipated as well. greenie advises to have plenty of water available for drinking these, so i am guess they know these side effects can occur. my dog has plenty of water available, but she did not drink any more than normal, which may have resulted in the effects. i do not plan on training my dog to drink lots of extra water after eating these. giving here one every now and then shows no negative effects, and that what i plan on doing. not a complaint to me, but i think people who like giving there dog all natural health food should know that this product is far from ""green."" it is pumped pull of artificial ingredients like a multivitamin. it is also made from concentrated grain protein, rather than the animal protein dogs should be getting. i personally do not feel that this is that big of a deal health wise for a creature than lives 12-18 years, but or people who invest the extra money on organic/natural dog food, you should be staying away from this product.",0.9920467734336852,"['brick mortar', 'e antic', 'king charles', 'notoriously finicky', 'siberian husky', 'tail wag', 'brittleness win', 'common sense', 'individually wrapped', 'lower rating']","['teeth clean', 'dog greenies', 'dog teeth', 'one day', 'give one', 'dog treat', 'clean teeth', 'dog not']","['brittleness win yorkies', 'worry brittleness win', 'respectfully request amazon', 'water available drink', 'request amazon member', 'plenty water available', 'sit front pantry', 'hassle hard cut', 'pay twenty dollar', 'worth hassle hard']","['dog love treat', 'give one day', 'dog teeth clean', 'help keep teeth', 'one every day', 'help clean teeth', 'great dog love', 'help dog teeth']"
4,B0026RQTGE,4,13,31,33,0.309506710711026,"['get', 'one', 'greenies', 'go', 'know', 'greenie', 'time', 'every', 'say', 'great']","my two dachshunds love these things.  they know they are going to get one every morning.  they lead me to the pantry and are so cute when they beg or i call it talking, letting me know that they cannot hardly wait.  great product.",0.9610148668289183,"['esophagus intestine', 'everything smoothly', 'fur baby', 'hitch length', 'life nearly', 'life thirteen', 'linda turner', 'nearly thirteen', 'nutri dent', 'part life']","['love greenies', 'dog greenies', 'get every', 'dog get', 'love get', 'pet store', 'buy amazon', 'dog treat']","['life nearly thirteen', 'linda turner recommend', 'part life nearly', 'different vet excited', 'linda turner would', 'thank linda turner', 'vet excited yes', 'linda would recommend', 'quick great seller', 'turner would recommend']","['dog love get', 'get every morning', 'get one every', 'get one morning', 'love get one', 'love greenies get', 'amazon can not', 'amazon dog love']"
5,B0026RQTGE,5,0,6,9,,"['right', 'crate', 'hide', 'time', 'consider', 'green', 'bag', 'second', 'write', 'awhile']","the price is rite!!! this is the second time i bought them, dogs love them!!! will bye some more!!! thats about it.",0.6294997930526733,"['awhile ship', 'ship come', 'authorize vendor', 'love greenies', 'dog love']","['awhile ship', 'dog love', 'ship come']","['take awhile ship', 'awhile ship come', 'ship come timely']",['take awhile ship']
6,B0026RQTGE,6,23,43,35,0.5642151785630577,"['price', 'amazon', 'store', 'buy', 'great', 'pet', 'find', 'shipping', 'cheap', 'greenies']","these are genuine greenies product, not a knockoff.  my dogs love them!  it is their favorite treat.  i have 2 small dogs, both under 10 lbs. and the teenie size is perfect for them.  i paid $22.37 for this 96-pack and it is by far the best price i have found anywhere.  i wish these were part of the subscribe & save program.",0.9626439213752748,"['course doggies', 'dashchund minpin', 'dashchund perfect', 'minpin perfect', 'could afford', 'could ask', 'every night', 'size perfect', 'smell good', 'put small']","['great price', 'love greenies', 'best price', 'buy amazon', 'greenies dog', 'dog greenies', 'local pet', 'amazon price']","['dashchund minpin perfect', 'can live without', 'buy dashchund minpin', 'course doggies buy', 'doggies buy dashchund', 'course doggies not', 'doggies not dashchund', 'greenies course doggies', 'not dashchund minpin', 'dashchund minpin great']","['dog absolutely love', 'greenies dog love', 'amazon buy greenies', 'can not without', 'dog love great', 'dog love treat', 'get greenie love', 'great dog love']"
