,product,topic,review_count,topic_coherence,top_words,best_review,best_review_fit,top_bigrams_pmi,top_bigrams_freq,top_trigrams_pmi,top_trigrams_freq
0,B002IEZJMA,0,0,0.66125180258878,"['result', 'intense', 'turn', 'absolutely', 'hint', 'capuccino', 'longer', 'begin', 'creamer', 'chill']",none,,[],[],[],[]
1,B002IEZJMA,1,0,0.6090025450056673,"['weird', 'page', 'description', 'grind', 'sign', 'math', 'partake', 'ph', 'figure', 'strangeness']",none,,[],[],[],[]
2,B002IEZJMA,2,0,0.5901501107936808,"['could', 'horrible', 'husband', 'finish', 'wow', 'hope', 'chain', 'nasty', 'clear', 'hop']",none,,[],[],[],[]
3,B002IEZJMA,3,483,0.5602689981644435,"['espresso', 'would', 'flavor', 'sugar', 'illy', 'good', 'strong', 'sweet', 'okay', 'convenient']","i was bracing for this can of illy issimo coffee to contain a less-than-pleasant coffee experience, with a not-so-fresh, and overpoweringly strong-tasting coffee drink.  i was wrong.  the coffee contained within my little can had great, pure coffee flavor, with no ""can taste"". it was not overly sweet to me (although i do like my coffee really sweet. like, ""melted coffee ice cream"" sweet...), and i was surprised to see that it looked to be just pure, brewed coffee - no cream added. i tend to brew my coffee pretty strong. being a ""single cup a day to wake me up first thing"" kinda girl, i have a tendency to think that my daily cuppa joe has to be beat-you-about-the-head powerful, and, recent changes in my taste have put that into question, as has this brew. it truly does taste like it was freshly brewed, then left to chill just long enough to give you the basis for a great cup of smooth, flavorful iced coffee, whether you choose to drink it straight, or gussy it up with a little flavored syrup and half-and-half (i opted for the latter).  the previous can of illy issimo coffee that i would tried  did not really knock my socks off; i mean, it was good, but it was not the best i have ever tasted. i would given that to starbucks' frappuccino line of refrigerated coffee drinks. but this can of issimo coffee drink really was good enough to give starbucks a run for their money, for me, at least, especially considering that this brew does not contain anything more than coffee, a little sugar to sweeten it, and a few preservatives to hold it over (which any factory-made coffee drink will contain, anyway).  if you are on the run, and, for some odd reason, are not able to get yourself a cuppa joe on the go, i definitely would recommend this drink for the true coffee purist. i would be surprised if you were not pleasantly surprised by it!",0.9935446,"['gas station', 'lactose intolerant', 'mayo clinic', 'mountain dew', 'nowhere near', 'turkey gravy', 'final verdict', 'take-along booster', 'atlanta ga.', 'atlanta georgia']","[', i', '. it', ', but', '. the', 'i not', 'coffee ,', 'coffee .', '. is']","['carb 12g 1g', ': 1:50 mins', 'length : 1:50', 'total carb 12g', '20mg carb 12g', '20mg total carb', '/ 9.2857 =', 'fructose corn syrup', '/ 78 =', 'sodium total carb']","['. if you', '. i not', 'i do not', '. this is', ', it is', 'it is a', ', but i', 'coffee . i']"
4,B002IEZJMA,4,0,0.5590429037279474,"['egrave', 'caff', 'shake', 'per', 'word', 'year', 'rule', 'blend', 'wife', 'deal']",none,,[],[],[],[]
5,B002IEZJMA,5,1,0.5326749397984989,"['fan', 'quite', 'size', 'canned', 'go', 'look', 'cannot', 'definitely', 'huge', 'always']","i am not a huge fan of canned coffee drinks, but i am always looking for easy coffee. this drink tasted just okay. it had a weird aftertaste that i cannot quite describe. the size of the can is adequate. i definitely will not be purchasing this again in the future. if you like convenient, ok tasting coffee to go, this is it.",0.6663316,"['i am', 'i not', 'is .']",['is .'],[],[]
6,B002IEZJMA,6,0,0.5289889260962035,"['first', 'cent', 'choose', 'million', 'prepared', 'carbohydrate', 'robust', 'sensitive', 'manufacturer', 'subtract']",none,,[],[],[],[]
7,B002IEZJMA,7,1,0.5288362606013328,"['whole', 'must', 'glass', 'form', 'illy', 'amazon', 'prepare', 'post', 'available', 'usual']","illy cafe is the original portable coffee drink. it is plain coffee without milk, cream, or any sweetener. it is it may therefore, be more to the liking of coffee purists. illy drinks are available only in the cans (not in glass). while i might prefer glass, these cans are the only option for illy. they are available in 12 packs through amazon. with a larger order you can get them with no charge for shipping making for a competitive price. they do not need to be refrigerated at all. however, they do taste better if refrigerated prior to consumption.",0.9770832,"['are available', 'are only', 'available in', 'they do', 'it is', '. is', '. it', '. they', 'coffee .']","['. they', 'are available', 'are only', 'available in', 'coffee .', 'it is', 'they do']","['are available in', '. it is']",[]
8,B002IEZJMA,8,1,0.4489659748185003,"['potassium', 'ingredient', 'mg', 'citrate', 'bicarbonate', 'per', 'natural', 'mix', 'soda', 'sodium']","that is the third ingredient.  potassium citrate is the fourth.  is potassium bicarbonate a ""natural"" ingredient, since it is found rarely in nature?  i drink coffee every day and have never added these two chemicals to my cup of coffee.  i have read that potassium citrate is used as a diuretic, particularly in veterinary treatments.  was it really necessary to add these two chemicals to the ""espresso style"" coffee mix?  if it had been nothing but plain black coffee of typical good illy quality, then it would have rated a 5.  i will not be buying it.",0.50656885,"['these chemicals', 'these two', 'two chemicals', 'chemicals to', 'potassium citrate', 'two to', 'citrate is', ', it', '. potassium', 'is the']","['chemicals to', 'citrate is', 'is the', 'potassium citrate', 'potassium is', 'these chemicals', 'these two', 'two chemicals']","['these two chemicals', 'these chemicals to', 'these two to', 'two chemicals to', 'potassium citrate is']","['these two chemicals', 'these two to', 'two chemicals to']"
9,B002IEZJMA,9,1,0.4127197399058768,"['husband', 'large', 'difference', 'cappuccino', 'caffe', 'unless', 'chocolate', 'machine', 'package', 'special']","this is a great tasting coffee, when chilled, it is great! cans are 6.8 ounces, and a pure burst of goodness!",0.5648155,['is great'],[],[],[]
10,B002IEZJMA,10,0,0.4049130245635322,"['future', 'perfect', 'close', 'description', 'consistency', 'thin', 'general', 'sound', 'blend', 'wine']",none,,[],[],[],[]
11,B002IEZJMA,11,0,0.2974725966024247,"['fat', 'brewed', 'package', 'caffee', 'lead', 'atlanta', 'doubleshots', 'watch', 'lift', 'splenda']",none,,[],[],[],[]
0,B006MONQMC,0,8,0.6088387340697323,"['make', 'one', 'well', 'actually', 'strong', 'fruit', 'add', 'get', 'need', 'caffeine']","very glad i read the label...when i selected it from amazon i thought it was an energy drink...it is actually an additive you put in your water to make your water an energy drink!  actually very tasty...very reminiscent of kool-aid fruit punch flavor.  one long squeeze is good for me in a 1/2 liter bottle of water.  i do like that you can make it stronger or weaker to taste based on how much you add.  needs to be refrigerated after opening...one more thing to take up space in my fridge, but oh well.  i notice i am drinking more water later thanks to this, so that is good!  and if i am getting more vitamins, well hey, that is cool too.  0 calories...has caffeine.",0.89004797,"['how much', 'fruit punch', 'fruit punches', '( which', 'actually beneficial', 'my workout', ""`` ''"", 'punch flavor', 'very tasty', 'at all']","[', and', 'i am', ', but', ', i', ', that', '. it', 'it is', 'of the']","['fruit punch flavor', 'how much you', 'an energy drink', 'if you want', 'is actually beneficial', 'has a strong', 'if want to', 'at all .', 'you want to', ""the `` ''""]","['. i do', 'if you to', 'to your water', ', i will', ', this is', '. for ,', '. however ,', '. i am']"
1,B006MONQMC,1,1,0.5862402071097399,"['suggest', 'worth', 'slightly', 'cause', 'anyone', 'pretty', 'hint', 'bad', 'wife', 'understand']","in truth, i am not a big fan of these squeeze bottle water flavorings. often, i find it hard to control the quantity, and under-flavoring makes the drink taste like a flat soda, whereas over flavoring is just too sweet. this larger bottle, however, seems to give just the right amount of flavor if you use two fingers to squeeze until it becomes too hard to squeeze anymore, and the spout seals tight and effectively to prevent drips and spills. the overall flavor is your typical fruit punch-y flavor, and there is only that faintest hint of chemicals to suggest the caffeine, taurine and vitamins it contains. the pick-up it provides is mild, i would say about the same as a cup of coffee or can of diet soda. i do not think the other stuff in it is particularly strong or useful to my body as far as recovery times, strength building, electrolyte supply, etc. still, i use this as my flavoring of choice on rest and light workout days, with  my ""go to"" drink on workout and hard running days. this is a decent water flavoring that is easier to use than most, providing a little variety with no sacrifice to my fitness regimen.",0.31762207,"['i not', 'on and', 'flavoring is', '. this', 'hard to', 'to squeeze', 'it is', ', i', 'to my', ', and']","['. ,', '. the', '. this', 'flavoring is', 'hard to', 'i not', 'it is', 'on and']","['. , i']",[]
2,B006MONQMC,2,1,0.5709531401953238,"['screw', 'mouth', 'rush', 'hand', 'delight', 'specially', 'bull', 'pay', 'seriously', 'top']","would have been a decent product, but i do not like my vitamins loaded with red #40 dye. why oh why cannot you create a product using natural red dyes? how about using one of these natural red dye replacements:   ~beets   ~red pepper   ~red sandal wood   ~black/purple carrots   ~elderberry   ~purple sweet potato   ~carmine/cochineal  chemical-based dyes are not welcome in ""healthy"" vitamin drinks. when my mom said to take my vitamins, she did not imagine they had be colored like m&ms.",0.24951228,"['a product', 'my vitamins', 'natural red']",['natural red'],[],[]
3,B006MONQMC,3,7,0.5078572060253552,"['read', 'smell', 'stain', 'cap', 'stuff', 'else', 'red', 'counter', 'full', 'hand']","during the day i wake up and drink cold coffee and sometimes use my tassimo maker. the rest of the day i drink a lot of water. i usually drink bottled water and do not mind the `plain' taste.  sadly i can not read the ingredients on my bottle since it is covered with a sticker but the vitamin part seemed interesting. i have tried to add flavors to my water before but they have tasted artificial. i will say this does taste like fruit punch as it is listed. i was surprised at how flavorful it was and that it did not taste artificial like the other drinks i have tried. i found it rather refreshing and loved the flavor of it.  the reason i would not buy it though is it is messy. i accidentally squeezed some out of the cup and it was so sticky. that was not the worse. i have cream colored counters and it leaked on them and it was less than 10 seconds of it sitting on the counter and figured a wet paper towel would wipe it up. nope, it was already stained! i was shocked! i had to use one of those magic eraser pads to clean it off the counter. for how sticky and how easily it stains, it is not worth it to me.  taste wise it is there. however, if it stained that quickly, i wonder what it does to your body. i do not think i will be finishing it.  added after writing review: if i could give this a zero i would! i had the bottle near the computer to write the review. it has to be in the fridge after you open it. it was in the fridge with the cap down. i flipped it where the cap was on top thinking it would not leak this way taking it back to the fridge. nope, the cap held the previous leftover squeeze and it leaked all over my cream rug and also my computer stand which is padded. i got rid of it. it is too messy and stains!",0.48137954,"['three teaspoons', '8 ounces', 'specially designed', 'what causing', '`` specially', 'recommended serving', 'serving size', 'adding more', 'wiped off', 'upside down']","['i not', 'the cap', 'the bottle', 'it is', ', and', 'the of', 'fruit punch', 'of water']","['`` specially designed', 'when first opened', '8 ounces water', 'get too much', '8 ounces of', 'had squirted out', 'that was unhelpful', 'an energy drink', 'on my attempt', 'it squirted little']","['the of the', '. i have', '. i it', 'i do not', 'the cap and', ', the cap', '. i will', 'cap . i']"
4,B006MONQMC,4,2,0.4948211406283927,"['seal', 'ready', 'page', 'overpower', 'nutrition', 'skip', 'suggested', 'marketing', 'Â½', 'mug']","this formula is good tasting and very easy to mix with wter - just pour and drink.  it is a bit tough to unseal and to remove the protective inner seal (which opens the spout), but once those protective measures are overcome you are ready to drink.",0.5917441999999999,"['did notice', 'hawaiian punch', 'using up', 'squeeze pressure', 'that rate', 'using it', 'and easy', 'i guess', 'in case', 'it up']","['to my', 'to the', ', in', 'is a', 'it a', 'the bottle', 'the of', ', and']","['using it up', 'did notice the', 'on the side', 'and easy to', ', in case', 'it is a', 'the of the']","['did notice the', 'it is a', 'on the side', 'the of the', 'using it up']"
5,B006MONQMC,5,4,0.4775241613253221,"['benzoate', 'later', 'thanks', 'b', 'natural', 'chromium', 'potassium', 'zinc', 'issue', 'low']","took off star due to 1 squeeze to 8 ounces, but no way to measure and everyone squeezes differently so too much tastes bad, and did not see any energy boost after 16 ounces.  4 stars for per serving 120% vitamin c, 40% b viatmins, taurine 10mg, electrolytes and 40 mg natural caffeine. what is the natural caffeine? ingredients  water, ciritc acid, vitamin c(asorbic acid), natural flavor, sucralose, natural caffeine sodium benzoate, potassium sorbate, magnesium lactate(electrolyte), zinc glucomate vitamin b3(niacinamide), taurine, vitamin b5(calcium pantothenate), calcium lactate (electrolyte), potassium phosphate( electrolyte), gum acacia, glyceryl abietate, red40, vitamin b6(pyrdoxine hydrochloride), vitamin b12 ( cyanocobelamin ) & chromium polynicotinate. good vitamins to have during flu season.  great punch flavor tastes falls in between kool aid and hawaiian punch. love the taste, easy to use, and in 1 bottle instead of little packs to lose. we prefer to mix 1/3 of bottle into half gallon jug and put in refigerator for a cold drink. everyone ages 4 to 55 loved this drink even the teen agers.",0.5211686,"['sodium benzoate', '4 stars', 'see if', 'natural caffeine', '120 %', 'lactate electrolyte', 'fruit punch', 'hawaiian punch', '40 %', 'calcium lactate']","[', ,', '. i', '. it', ', and', 'i not', 'vitamin (', ', vitamin', '( electrolyte']","['120 % vitamin', 'lactate ( electrolyte', 'lactate electrolyte )', 'in form of', 'in the form', '( in form', 'squeeze energy drink', 'vitamin squeeze drink', 'the form of', '( the form']","['( electrolyte )', '( electrolyte ,', '. i not', 'electrolyte ) ,', '% vitamin ,', '( in form', '( in the', '( the form']"
6,B006MONQMC,6,0,0.37911747211689933,"['wikipedia', 'wrap', 'basis', 'safe', 'dos', 'rat', 'doctor', 'basic', 'fda', 'study']",none,,[],[],[],[]
7,B006MONQMC,7,172,0.3720933771818555,"['caffeine', 'use', 'sugar', 'fruit', 'also', 'ounce', 'c', 'serving', 'much', 'per']","i use the mio beverage enhancers pretty regularly and was interested in trying the vitamin squeeze to see how it would compare.  here are my pros/cons:  pros-not overly sweet, a nice big bottle (12 oz, next to under 2 oz. for the mio), lots of vitamins and zero calories.  makes getting in your water much easier.  cons-bottle needs to be refrigerated after opening (unlike the mio).  this makes it not as portable for me.  no leaving it in a backpack or a desk drawer, that is the major drawback for me.  though i liked this flavor, it tasted more citrusy than it tasted like fruit punch-not a big deal, but if you are expecting fruit punch flavor you will not get it here.  overall, i would consider purchasing for home use, but not portable enough due to needing refrigeration for it to be my ""go to"" brand for when i am away from home.",0.98589724,"['yada yada..', 'acacia glyceryl', 'deer park', 'glyceryl abietate', 'starbucks grande', 'trial error', 'animal derived', 'fructose corn', 'risks associated', '[ ]']","['. it', 'it is', ', i', ', and', ', but', 'is a', ', it', ', ,']","['gum acacia glyceryl', 'fructose corn syrup', 'length : 1:10', 'benzoate potassium sorbate', 'health risks associated', 'cherry cough syrup', ': 1:10 mins', 'potassium sorbate preservatives', 'sorbate magnesium lactate', 'amazon vine program']","['. the is', 'vitamin squeeze energy', '. i am', 'squeeze energy drink', '. vitamin squeeze', '. i not', 'vitamin energy drink', 'vitamin squeeze drink']"
8,B006MONQMC,8,295,0.3684180653498023,"['try', 'get', 'would', 'really', 'use', 'one', 'much', 'mio', 'fruit', 'give']","i like water additives as an alternative to sodas or sugary drinks, so i was excited about trying this one.  i thought it would be one that my 9-year old son and i could both use. the mix has a sweet fruit punch flavor if you follow the recommended dilution, but getting that squeeze just right is sometimes tricky. although it seemed like a good idea to have a large bottle that you could adjust flavor levels and for a reasonably good cost.  it is just harder to execute in actuality than in design.  my son would squeeze to much and we went through a cycle of add a little more water then a little more mix...  my biggest complaint and the reason i would not use this product regularly is for the caffeine content. i generally use water additives as an alternative to sodas or other beverages and thus look for caffeine-free alternatives.  ok, but i will not be a repeat user.",0.9869046999999999,"['gummy worms', 'soft scrub', 'upset stomach', 'citric acid', 'dish soap', 'specially designed', 'worry running', 'sorbate magnesium', 'acai grape', 'grape pomegranate']","[', i', '. it', '. the', ', but', ', and', 'i not', ', it', 'a of']","[': 0:49 mins', 'length : 0:49', 'benzoate potassium sorbate', 'sorbate magnesium lactate', 'lactate potassium phosphate', 'potassium sorbate magnesium', 'calcium lactate potassium', 'acai grape pomegranate', 'sodium benzoate potassium', 'amazon vine program']","[', it is', 'i do not', 'it is not', '. i have', '. i am', ', but i', '. if you', '. this is']"
9,B006MONQMC,9,1,0.3295767084123667,"['b', 'taurine', 'c', 'would', 'glass', 'natural', 'daily', 'fruit', 'first', 'accord']","or so the bottle wrapping claims and there is more: vitamins c, b3, b5, b6, b12 plus 'natural' caffeine and... taurine. i did not know what 'taurine' was so i looked it up. well, whatever it is, according to wikipedia, ""a review published in 2008 found no documented reports of negative or positive health effects associated with the amount of taurine used in energy drinks"" so it probably does not hurt to have some.  the end product, after squeezing the concentrate into a glass of water is that the water color changes to orangy-red and it acquires a vaguely fruity synthetic smell and flavor and, according to the wrapping, it gets 120% of your daily vitamin c needs.  to answer the question: 'after my first glass, would i have another one?' i must admit that i was not able to actually finish my first glass. i would not call it 'bad tasting' but i would rather have my drinking water clean and maybe some fruit on the side or some mostly natural fruit juice to fulfill may daily requirements of taurine, vitamin c, sodium benzoate and the ever-essential electrolytes.",0.8679324,"['first glass', 'my first', 'my glass', 'would have', 'according to', 'of taurine', 'the wrapping', 'i not', 'i would', ', according']","[""' i"", ', according', ', it', ', to', '. i', 'according to', 'first glass', 'i would']","['my first glass', '. i not', ', according to']",['my first glass']
10,B006MONQMC,10,0,0.2995920393857959,"['ever', 'another', 'finish', 'admit', 'report', 'beyond', 'thought', 'dosage', 'tried', 'effective']",none,,[],[],[],[]
11,B006MONQMC,11,0,0.27722574126063554,"['requirement', 'synthetic', 'liter', 'coke', 'iced', 'throw', 'version', 'school', 'pass', 'behind']",none,,[],[],[],[]
0,B005ZBZLT4,0,355,0.6673396659810173,"['like', 'try', 'taste', 'great', 'good', 'flavor', 'fog', 'one', 'love', 'price']","i love coffee.  i drink it in the morning, in the afternoon, and right before bed.  however i had yet to find a k-cup that gave me the full bodied taste that brewing a nice strong 1:1 ratio pot ever gave me.  i tried all the usual suspects.. green mountain, starbucks, caribou, donut, etc.  while i normally love their whole bean, ground, and coffee shop stuff.. i just could never find a full taste in any of them.  so, i gave up on k-cups and went back to my trusty home drip brewer.  then one day our company bought kuerig machines for the office.  so, i decided that i would go out and try to find a decently priced k-cup, as anything tastes better than the sludge that they make in their industrial drip machines.  these are what i found, and whether it is the coffee, the lack of plastic on the bottom, or some combination, i would have to say these k-cups are the absolute closest thing i have found to a regular cup of coffee.  it bold, but not hit you over the head bold.  it is not watered down.  it is perfect.  anyway, give them a try if you want a great cup of coffee for a great price.  do not let their look scare you off.  it is perfect.",0.99173224,"['vertical dispensers', '# 34', '5:45 a.m.', 'mission statement', '2-4 weeks', 'heavy duty', 'environmental projects', '5-star rating', 'huge bonus', 'reasonably priced']","['it is', ', i', 'of the', 'i have', 'the coffee', 'coffee .', 'this is', '. it']","['# 34 ;', 'their mission statement', 'cream sugar simply', '& # 34', '41 cents per', 'coffee. ! ahhh', 'timothy midnight magic', 'vertical k-cup dispensers', 'emeril big easy', '36 count boxes']","['. it is', 'cup of coffee', '. i have', '. this is', 'the of the', '. i am', '. i the', 'the . i']"
1,B005ZBZLT4,1,5,0.5597392336247287,"['star', 'lose', 'eco', 'excite', 'sfb', 'twelve', 'addition', 'require', 'outstanding', 'disappointed']","coffee is outstanding, concept is wonderful but in each order i have been shorted 3-5 kcups, it adds up. very disappointed.  otherwise i would have rated five stars.",0.9401683000000001,"['ick !', '! !', 'plastic but', 'not pose', 'make it', 'this is', 'for my', 'so it', 'a bucket', 'coffee is']","['not a', '! i', ', and', ', it', ', not', ', will', '. i', '. is']","['tan ick !', 'ick ! !', '! i am', '! ! !', '! ! i', '. this is']","['ick ! !', '! i am', '. this is', 'tan ick !']"
2,B005ZBZLT4,2,1,0.5405453439297123,"['version', 'note', 'bug', 'terrible', 'hate', 'v', 'thought', 'robinson', 'le', 'reorder']",this coffee is horrible and unfortunately not eligible for return. it tastes like burnt wood shavings. looks like its going into the compost pile.,0.4782791,[],[],[],[]
3,B005ZBZLT4,3,138,0.42401414863705666,"['plastic', 'bag', 'keep', 'open', 'pod', 'use', 'like', 'container', 'fresh', 'less']","coffee preference is just a matter of taste, so my opinion regarding taste probably does not mean much. you would have to try this coffee for yourself. what i can tell you is that these soft bottom cups are certainly different from the usual all-plastic k-cups. i was initially concerned about how well they would work in my keurig, but after making about fifty or more brews, they work perfectly. no loose grinds left behind in the pod well, my mug or anywhere else. they cost a little less than k-cups so that is a nice plus for me. the minor drawback is that they come to you in plastic bags that once opened, allow exposure of the pods to air. simple fix. i just put the remaining pods in a ziplock bag. i like the taste of this french roast coffee and the fact that it is also cheaper than the competition. hopefully when the patent on k-cups expires this september we will see more vendors offering better prices. this is probably why keurig recently came out with a new brewer, ""the vue""  that uses different and patented cups.",0.9904738000000001,"['thirty six', 'web site', 'anywhere online', 'initial reason', 'self grind', 'frustration free', 'pinprick hole', 'environmentally friendly', 'cream sugar', 'dunkin donut']","['the coffee', 'coffee .', 'it is', 'is a', 'the is', ', but', 'i have', 'the of']","['beats paying 15', 'pinprick hole vs.', 'escaping through pinprick', 'through pinprick hole', 'black tiger jet', 'filtration system vs.', 'office who liked', 'our family likes', 'brewed escaping through', 'see dirty residue']","['. it is', 'cup of coffee', 'the of the', '. i have', 'the coffee is', '. the is', 'coffee . i', '. the coffee']"
4,B005ZBZLT4,4,5,0.39599367126316676,"['good', 'like', 'strong', 'bag', 'fog', 'chaser', 'especially', 'seal', 'amazon', 'french']","i have been a picky keurig fan for about ten years, have always bought my coffee from either onegreatcup or amazon (because stores just do not have the selection), and until now had settled on jet fuel as my favorite -- just so you know what i like. fogchaser is in that league: rich, deep, dark, zesty, overall interesting and best of all (unlike the plastic-bottomed k-cups) brewing it makes my kitchen smell good again. i am putting it on subscription.  a good find; a keeper -- glad i tried it.",0.98060256,"['fog chaser', 'french roast', 'not let', 'cup of', 'especially for', 'cup coffee', 'very good', 'flavor and', 'a cup', 'i tried']","['french roast', 'very good', 'fog chaser', 'for the', 'good .', 'i like', ', ,', ', and']","['cup of coffee', 'a cup of', 'french roast and', 'is very good', 'do not the', 'the french roast', 'very good .', 'very good ,', 'the ) ,', '. i have']","['is very good', 'very good .', ', and it', ', it is', 'a cup of', 'cup of coffee', 'do not the', 'good . i']"
5,B005ZBZLT4,5,2,0.29046203523156217,"['nothing', 'kind', 'auto', 'old', 'ship', 'awesome', 'u', 'something', 'star', 'flavored']",this coffee is something all should rave about at the price compared to other you must pay more for a commerical resaurants.,0.6422315,"['compostable could', 'this is', '. this', 'the .']","['the .', 'this is']",['. this is'],[]
0,B003GTR8IO,0,13,0.6032453557522642,"['flavor', 'love', 'starbucks', 'like', 'would', 'brand', 'taste', 'natural', 'try', 'light']","i love this coffee.  it has the boldness of regular starbucks coffee with a light vanilla flavor.  i love that it is not overpowered with an artificial vanilla taste like a lot of other brands.  this coffee is great if you love the bold flavor of starbucks - however if you do not like a strong coffee, i would stear clear of this one.  i personally love starbucks flavor and i love the natural vanilla flavor.  i brought this to work and my coworkers all agreed.  if you want a really sweet vanilla flavor, this is probably not for you.",0.97916514,"['particular brand', 'give five', 'nice smooth', 'five stars', 'an artificial', 'too bad', 'natural fusions', 'do know', 'will probably', 'have tried']","['this is', ', i', 'coffee i', 'i am', 'i love', 'i would', 'this coffee', ', but']","['give five stars', 'particular brand and', 'this particular brand', 'thought would give', 'give it shot', 'give this five', 'give a shot', 'a nice smooth', 'this five stars', 'not too bad']","['. i do', '. i love', 'vanilla flavor .', '. if like', 'flavor , this', 'flavored coffee ,', 'the flavor is', 'this coffee .']"
1,B003GTR8IO,1,515,0.4953668928070375,"['flavor', 'taste', 'starbucks', 'like', 'good', 'brew', 'ground', 'make', 'would', 'cup']","if you are an avid starbuck's coffee drinker, the natural fusions coffee is not for you.  plain and simple.  now, if you are a starbuck's drinker and looking for a good 'out the door' coffee that will hold you until you get to your local starbuck's store, then this coffee is a good choice.  i liken the starbuck's bagged coffees versus the chain offerings to bottled coca cola versus fountain coca cola.  the former is fantastic and the latter is just okay.  i actually found myself using a few more scoops of the bagged natural fusions coffee in an attempt to make it taste more like the original.  i guess if i did not know how good the real thing was, i would have given this coffee at least 4 stars.  it is good, but not nearly as good as the real thing.  is it better than other bagged choices out there?  not as good as the best offerings, in my opinion, but better than most.",0.98767346,"['coca cola', 'fit bill', '[ ]', 'baked goods', 'gold card', 'posted photograph', 'south america', 'toddy system', 'wood chips', 'brother law']","['coffee .', '. the', 'coffee ,', 'the coffee', 'it is', ', but', 'the vanilla', 'this coffee']","['willing pay boutique', 'mate peppermint mocha', 'pay boutique prices', '100 % responsibly', 'cold toddy system', 'responsibly grown ethically', 'grown ethically traded', 'k-cup reusable filter', '% responsibly grown', '100 % grown']","['. i am', '. the vanilla', ', but i', 'i am not', '. i not', 'the vanilla flavor', 'the vanilla is', ', it is']"
2,B003GTR8IO,2,1,0.4834780557906376,"['grind', 'press', 'usual', 'sell', 'offer', 'mention', 'easy', 'state', 'felt', 'fairly']","sadly, this tasted like nail polish remover smells.  really bummed out as i love seattle's best coffee vanilla (a starbucks-owned company).",0.45632374,[],[],[],[]
3,B003GTR8IO,3,1,0.41478444575848644,"['slightly', 'quite', 'fair', 'almost', 'slight', 'body', 'fake', 'milk', 'friend', 'trade']",the product was expired by about 7 months. i did not see it anywhere on the product information. i was not impressed.,0.87497723,"['i not', 'the product', '. i']",['the product'],['. i not'],[]
4,B003GTR8IO,4,0,0.4059305650821899,"['second', 'care', 'burnt', 'case', 'weak', 'disappoint', 'course', 'teaspoon', 'usual', 'call']",none,,[],[],[],[]
5,B003GTR8IO,5,0,0.34296259540686336,"['average', 'quickly', 'standard', 'pre', 'long', 'cooky', 'miss', 'interesting', 'decaf', 'let']",none,,[],[],[],[]
6,B003GTR8IO,6,0,0.3208313695442694,"['step', 'large', 'old', 'disappointing', 'whatever', 'fru', 'buck', 'stomach', 'among', 'gourmet']",none,,[],[],[],[]
7,B003GTR8IO,7,0,0.24086217608497223,"['husband', 'dunkin', 'donut', 'company', 'long', 'avoid', 'otherwise', 'consider', 'anything', 'variety']",none,,[],[],[],[]
0,B005K4Q34S,0,4,0.6131478926637979,"['never', 'cappucino', 'splenda', 'become', 'state', 'come', 'enough', 'month', 'disappoint', 'affordable']",i think half the cups were not filled or defective. they seemed empty and the coffe came out like cream colored water. yuck!,0.55532616,"['tries it', 'very affordable', 'when i', 'it is', 'a ``', 'a good', 'very .', 'affordable .', 'is like', 'is very']","['very .', '. is', 'a ``', 'a good', 'affordable .', 'is like', 'is very', 'the is']","['everyone tries it', 'tries it is', 'is very affordable', 'very affordable .', 'it is very']","['it is very', 'tries it is', 'very affordable .']"
1,B005K4Q34S,1,6,0.572028566141642,"['always', 'order', 'time', 'powder', 'thank', 'info', 'first', 'company', 'everyone', 'local']","i loved this and for a weight watcher is is so friendly, only 2 points plus. have already ordered it it again and will continue to do so. ",0.90833247,"['really powder', '80 calories', 'just little', 'watcher is', 'was even', 'was expecting', 'for me', 'order more', 'a little', 'expecting a']","[', i', 'i not', 'i was', '. do', '. was', 'a little', 'and the', 'for .']","['really powder tasting', 'weight watcher is', 'already ordered it', 'is so friendly', 'watcher is so', 'it really powder', 'taste it really', 'ordered it again', 'just a little', 'will order more']","['. i was', 'this . i', ', but i', ', i was', ', it is', '. i did', '. i order', 'already ordered it']"
2,B005K4Q34S,2,3,0.5371496565566529,"['empty', 'compare', 'afternoon', 'international', 'deal', 'food', 'completely', 'seriously', 'bottom', 'special']","whoever designed and/or created this product has never had a real cappuccino. even the ones from mcdonald's rank as gourmet compared to this vile substance. unless you are a fan of flavored laxatives,which is what this reminded me of, save your cash and just either buy an over priced cappuccino from a trendy cookie-cutter coffee vendor, mcdonald's or a gas station because any of them have better tasting product than this. i literally took a sip and spewed it out in the sink. it was foul. seriously, do not buy it.",0.46634957,"[""mcdonald 's"", 'compared to', 'will not', 'the price', 'it is', '. i', '. you', ', is', 'it a', ', it']","['. the', ', it', '. i', '. not', '. you', 'compared to', 'is a', 'it a']","['it is a', ', it is']",[]
3,B005K4Q34S,3,0,0.4973336150068498,"['full', 'catch', 'dark', 'roast', 'yum', 'addict', 'disgust', 'mind', 'overall', 'pre']",none,,[],[],[],[]
4,B005K4Q34S,4,3,0.4874721324088804,"['flavor', 'enjoyable', 'favorite', 'cappuccino', 'hazelnut', 'try', 'also', 'would', 'think', 'deliver']","for an enjoyable change from a coffee routine, i thought i would try this cappuccino.  what also caught my attention was ""hazelnut""..a favorite flavor for me. this product delivers very enjoyable, full flavored as hoped for.",0.7410658,"['! after', 'pleased !', 'they are', 'are very', 'they very', 'i them', 'very !', 'when i', 'cups ,', 'for .']","['! after', ', are', ', they', '. this', 'are very', 'cups ,', 'for .', 'i them']","['! after trying', 'pleased ! after', 'very pleased !', 'they are very', ', they are']","['pleased ! after', 'they are very', 'very pleased !']"
5,B005K4Q34S,5,4,0.446662545228968,"['attention', 'ingredient', 'oil', 'hydrogenate', 'artificial', 'consider', 'syrup', 'espresso', 'vegetable', 'trans']","ingredient: partially hydrogenated vegetable oil (may contain coconut, soybean, sunflower, palm and/or canola), sugar, corn syrup solids, instant coffee, sodium caseinate, salt, natural and artificial flavors, cocoa (processed with alkali), dipotassium phosphate, cornstarch, mono- and diglycerides, silicon dioxide, soy lecithin, artificial color, ""sucralose"".",0.9764953000000002,"['which ?', '20 %', 'corn syrup', 'instant coffee', '? )', 'hydrogenated vegetable', 'oil (', 'there no', 'vegetable oil', 'trans fat']","['of cups', '. is', 'artificial ,', 'of the', 'the cups', ') ,', ', and', ', corn']","['( which ?', 'which ? )', 'vegetable oil (', '? ) and', 'there is no', 'is no level', ', corn syrup', 'corn syrup ,', 'instant coffee ,', 'of the cups']","['? ) and', 'corn syrup ,', 'instant coffee ,', 'is no level', 'of the cups', 'the of the', 'there is no', 'vegetable oil (']"
6,B005K4Q34S,6,19,0.43753389258544784,"['sweet', 'bad', 'review', 'taste', 'usually', 'sugar', 'tooth', 'way', 'kind', 'fake']","it has that super sweet fake marshmallow in cereal taste. it is not great for coffe, but kids would probably love it. i was hoping to actually taste the hazelnut. all you taste is sweetness. it is an overload of the taste buds in all the worst ways. day one was okay, then progressively it gets worse and worse until now i feel like i have to write a review about it and i do not usually write reviews.",0.6650991999999999,"['diet soda', 'gas station', 'hydrogenated oil', 'k cup', 'additional milk', 'christmas gift', 'drinking diet', 'milk sugar', 'sugar needed', 'grove square']","['. it', ', but', 'and i', 'i this', 'it i', '. if', '. is', '. you']","['drinking diet soda', 'additional milk sugar', 'no additional milk', 'additional milk or', 'additional or sugar', 'or sugar needed', 'milk or sugar', 'no additional or', 'christmas gift my', 'no milk or']","['. it is', '. it has', 'it , i', 'it is not', 'milk or sugar', ', it is', '. additional milk', '. i trying']"
7,B005K4Q34S,7,20,0.41061196011732254,"['change', 'good', 'price', 'tasting', 'buy', 'bit', 'one', 'convenient', 'wish', 'box']",the box had been opened before and was taped with scotch tape several of the kcups were leaking into the box and had to be tossed that is the first time that has happened but i was very disappointed.,0.9388880999999999,"['by mixing', 'getting rid', 'hot chocolate', 'regular k', 'have tried', ""`` ''"", 'am getting', 'am rid', 'better than', 'sickenly sweet']","['it is', 'this is', ', i', 'coffee .', 'coffee i', 'the price', '! i', ', but']","['am getting rid', 'box by mixing', 'by mixing with', 'getting rid of', 'getting rid this', 'this by mixing', 'a hot chocolate', 'a regular k', 'by mixing it', 'ever buy again']","['! ! the', '! i wish', ', but i', '. i am', '. i bought', '. i have', '. this is', 'buy again .']"
8,B005K4Q34S,8,31,0.363284638141563,"['taste', 'one', 'would', 'artificial', 'recommend', 'know', 'get', 'box', 'people', 'like']","in two words...awful and artificial.  i did not find any place i could find out what the ingredients were in this until after i got it and it tasted so weird.  i know, i should have checked it out first, but i did not even suspect artificial ingredients would be a concern.  anyway, it is non returnable but amazon did refund my money for this because to us, it is not fit for consumption.",0.9704298000000001,"['ammount sweetness', 'caramel flavored', 'day-old roll', 'especially who', 'everyone especially', 'hydrogenated oils', 'perfect ammount', 'reviwers mentioned', 'stay away', 'a+ 5']","[', i', '! !', ', and', ', but', '. it', 'i would', '. is', 'it is']","['perfect ammount sweetness', 'blend -- stay', 'caramel flavored ones', 'especially who normally', 'other reviwers mentioned', '... .. yummy', 'downtown milwaukee ...', 'especially people who', 'everyone especially people', '-- stay away']","['. i would', '. it is', 'i did not', 'in the .', '. this is', 'i do not', 'i would recommend', ', but i']"
9,B005K4Q34S,9,25,0.3568458542982394,"['make', 'use', 'buy', 'keurig', 'sweet', 'would', 'like', 'taste', 'drink', 'cannot']","first of all, tasted pretty good.  but, contacted a few keurig k-cup authorized on-line  sellers and was told by all that grove square are not approved by keurig and using them will void the warranty on your brewer. was told they are a ""pirated"" product.  upon inspection, i discovered that the content are powdered milk, sugar, artificial flavors and instant coffee!  not even real coffee. not sure if i will buy again but does taste like cafe vienna instant coffee products with the convenience of keurig. all authorized on-line sellers cannot carry them due to contracts with keurig. guess, buy at your own risk.",0.9830243000000001,"['authorized on-line', 'authorized sellers', 'next time', 'on-line sellers', 'our favorite', 'grove square', 'makes sick', 'waste money', 'hot chocolate', 'only reason']","[', i', 'and it', 'this is', ', but', '! i', '. not', 'i it', 'i not']","['authorized on-line sellers', 'grove square cappuccino', 'makes you sick', 'only reason for', 'waste of money', 'waste money !', 'they were all', 'the grove square', 'a waste money', 'will buy again']","[', i would', ', this is', '. do not', '. i have', '. i it', '. i would', 'and it was', 'it . i']"
10,B005K4Q34S,10,249,0.31711521191027453,"['like', 'taste', 'cappuccino', 'k', 'get', 'good', 'buy', 'station', 'one', 'instant']",this is the first coffee i tried when i got my keurig.  i was so disappointed in the flavor; tasted like plastic (like drinking bottled water that was left in a hot car).  i thought maybe i had not cleaned the keurig enough so i put through more water and brewed another cup...same horrible taste.  i would not recommend this brand to anyone.,0.9713537,"['apple cider', 'corn solids', 'defeats purpose', 'dispensed half-cup', 'packet swiss', 'reasonably priced', 'required cleaning', 'such required', ""'real '"", 'corn syrup']","['this is', '. it', '. is', ', i', '. this', 'i not', 'coffee .', ', but']","['corn syrup solids', 'packet swiss miss', 'required special cleaning', 'such required special', 'swiss miss etc', 'partially vegetable oil', 'hydrogenated vegetable oil', 'partially hydrogenated oil', 'partially hydrogenated vegetable', 'called gets clogged']","['. i not', ', it is', '. i am', '. if you', 'i do not', 'the gas station', '. i the', 'gas station .']"
11,B005K4Q34S,11,177,0.3130179881527765,"['great', 'love', 'cappuccino', 'price', 'taste', 'grove', 'square', 'k', 'good', 'like']","i ordered the grove square cappuccino cups, hazelnut.  the price was right, so i figured why not.  i prepared a cup & had to run out, so i took it with me, i took a few sips & it was really yummy. i had to run in for a short meeting & left the cup in the car.  it was a cool day & when i got back to the car, my coffee was cold. i picked it up & took a sip, i was pleasantly surprise at the creamy cold taste, it was fabulous.  so now i drink it cold & hot. very satisfied with the taste & creamines. so glad i tried it.  thanks amazon.  sylvia lorenzano",0.9809026,"['foods international', 'general foods', 'general international', 'growing slimy', 'slimy green', 'apple cider', 'drip down', 'single serve', 'look forward', 'many brands']","['! !', '. is', '. it', 'this is', '! i', '. this', 'it .', 'i have']","['general foods international', 'yourself growing slimy', 'preservatives ... yum', 'growing something slimy', 'something slimy green', 'caramel apple cider', 'save alot money', ""single serve ''"", 'yourself growing something', 'yourself something slimy']","['. this is', '. i have', '. i love', '! i love', 'coffee . i', 'french vanilla cappuccino', '! ! this', '. i this']"
0,B0013A0QXC,0,0,0.7123548459625795,"['also', 'wonderful', 'favorite', 'convenience', 'instead', 'though', 'nothing', 'pad', 'bring', 'mug']",none,,[],[],[],[]
1,B0013A0QXC,1,2,0.6137123550153103,"['package', 'point', 'back', 'truly', 'flavour', 'colombian', 'popular', 'except', 'sensor', 'average']","the coffee had a deep flavor and was pretty good, but definitely not your neighborhood coffee shop espresso.it will do in a pinch.",0.4173893,"['change !', '! !', '! the']",['change !'],"['some change !', 'change ! !', '! the coffee', '! ! the', '! ! !']","['change ! !', '! the coffee', 'some change !']"
2,B0013A0QXC,2,4,0.4164058445466564,"['get', 'love', 'pod', 'every', 'morning', 'look', 'drink', 'favorite', 'save', 'make']",i love getting my pods via amazon through the club plan.  this saves me money and i get to drink my favorite coffee every morning.  this coffee tastes wonderful and also foams which makes it look elegant.,0.8692633,"['i getting', 'love getting', 'senseo coffee', 'this coffee', 'to my', 'is the', 'i love', 'love this', '. this', 'it the']","['love !', 'this coffee', '! !', '. i', '. this', 'coffee i', 'i getting', 'is the']","['i love getting', 'love this coffee', '! love !', 'love ! !', 'love ! love', 'love love !']","['love ! !', 'love ! love', 'love love !', 'love this coffee']"
3,B0013A0QXC,3,420,0.39827737250848555,"['pod', 'cup', 'good', 'use', 'roast', 'like', 'one', 'taste', 'flavor', 'blend']","okay, so i like a strong cup of coffee.  i tried the senseo dark roast and it was very good -- bold, but smooth taste.  the breakfast blend was really weak and tasted a little bit like wet cardboard or, as the peanuts comic once said, like hot water with a brown crayon in it that needed more crayon.  i even used two pods for the smaller cup of coffee and it was still way too wimpy for me.  it still had the nice crema layer, it just had no taste.  i realize everyone has different coffee preferences.  but for someone who likes a stronger, more espresso-like coffee, i would tell them to steer clear of this roast.",0.9860906999999999,"['dunkin donuts', 'egg nog', 'fair trade', 'late nights', 'reunion island', 'wolfgang puck', 'grindmaster opod', 'sara lee', 'trade organic', 'environmentally friendly']","['coffee .', '. the', 'i have', 'the senseo', 'the coffee', '. is', 'of coffee', '. it']","['fair trade organic', 'flavour -- jan', 'hawaii ... .just', 'fill travel mug', 'late nights )', '... .just look', 'subscribe save program', '& save program', 'box six packages', '... .guess everyone']","['. i have', '. this is', 'coffee . i', '. i the', 'the dark roast', '. i am', 'of coffee .', 'i have been']"
4,B0013A0QXC,4,1,0.35162612964590245,"['cup', 'rich', 'make', 'maker', 'morning', 'dark', 'froth', 'cream', 'sip', 'relaxed']","dark rich coffee between your lips, sipping slowly..................aah! my senseo coffee in my senseo coffee maker , frothing the cream in the cup makes me so relaxed, but energized in the morning!",0.9444199000000001,"['my senseo', '... aah', 'my coffee', 'senseo coffee', 'slowly ...', '... ...', 'in the']","['in the', 'my coffee', 'my senseo', 'senseo coffee', 'slowly ...']","['sipping slowly ...', '... aah !', 'my senseo coffee', '... ... aah', 'slowly ... ...', '... ... ...']","['slowly ... ...', '... aah !', 'my senseo coffee', 'sipping slowly ...']"
5,B0013A0QXC,5,115,0.35063331004402853,"['amazon', 'price', 'store', 'order', 'pod', 'find', 'buy', 'purchase', 'year', 'local']","i have not been happy with my order. i love this senseo coffee but cannot find the sumatra flavour in the stores. my first order was disappointing.apart from two of the bags, every bag had one pod with a tear in it making it unusable. the other two bags... one had no torn pods and the other had two torn pods. so i am averaging one unusable pod per bag which bumps up the cost of the coffee. i find this unacceptable but will see how the second order pans out as i have already received it.if i have the same problem i will cancel future orders and buy my coffee elsewhere.",0.9838606,"['1euro= 1.30', 'euro 1euro=', 'worry running', 'dropping euro', 'froth top', 'sara lee', 'urgently review', 'post office', '6 pack', 'subscribe save']","['it is', 'i have', 'senseo coffee', ', i', 'the coffee', 'coffee .', '. the', 'i am']","['dropping euro 1euro=', 'needs urgently review', 'urgently review its', 'current september 2010', 'coupon target prints', 'worry about running', 'because dropping euro', 'reassessed because dropping', 'worry running out', '1 coupon target']","['. i have', 'senseo coffee pods', '. i love', '. i this', 'coffee . i', '. i am', 'amazon ! !', 'my senseo coffee']"
0,B000NMJWZO,0,1,0.6214610111336254,"['surprise', 'include', 'rise', 'important', 'less', 'pricey', 'imagine', 'accurate', 'else', 'amount']",this mix makes anything you can think of!  i cannot imagine living gluten-free without it.  do not hesitate to give it a try!,0.37473541,[],[],[],[]
1,B000NMJWZO,1,1,0.568175179676068,"['sugar', 'prefer', 'mixed', 'pure', 'live', 'thank', 'celiacs', 'read', 'bit', 'soon']","this pamela's ultimate baking and pancake mix is just wonderful.  normally i believe pancakes are inferior to other breakfast foods such as waffles, hashbrowns and even cereal, but this particular type of pancake mix is right on the money and tastes delicious.  i strongly recommend it for all pancake lovers and haters!  you will not be hating pancakes after trying this delicious stuff!  if you still desire a hatred towards pancakes after a full belly at the breakfast table you must be completely out of your gourd!",0.49928674,"['. i', 'mix is', 'pancake is', 'pancake mix', 'pancakes after', '! you']","['mix is', 'pancake is', 'pancake mix', 'pancakes after']",['pancake mix is'],[]
2,B000NMJWZO,2,524,0.5307513543937075,"['use', 'pamela', 'recipe', 'good', 'great', 'love', 'flour', 'like', 'try', 'bread']","i have been on a gluten-free diet for the past 2 months.  most of my cooking has been from scratch so i love this mix as i use my same recipes and do not even altar them at all.  i use this mix for my favorite roll and cut biscuits.  my favorite muffin recipe is the one on the back of the sack which is pamela's sour cream coffee cake.  i use muffin tins and do not use the glaze.  this cinnamon and raisin filling is good but i also leave this filling out sometimes and add chocolate chips or blueberries for variety.  i also found a pie crust recipe on the internet that uses almond flour and brown rice flour.  i use pamela's for the brown rice flour and it was great for our pecan pie at thanksgiving.  at christmas, i will put foil over the crust as it browned too much before the pie was done.",0.9885599,"['betty crocker', 'grainless aluminum-free', 'room temp', 'senior citizen', 'agave nectar', 'fall apart', 'firm surface', 'onion rings', ""dug 'em"", 'apple crisp']","[""pamela 's"", 'gluten free', 'this mix', ', and', '! !', 'this is', ', ,', 'it is']","['concocted $ mixtures', 'bob red mill', 'potato starch grainless', 'cultured buttermilk natural', 'grainless & aluminum-free', 'soda sea salt', 'dairy tree nuts', 'tapioca starch sweet', 'starch grainless &', 'double batch freeze']","['. this is', '. it is', ""pamela 's baking"", 'is the best', 'gluten free .', 'this is the', "". pamela 's"", 'i have tried']"
3,B000NMJWZO,3,6,0.5261001389658843,"['pamela', 'bag', 'even', 'bake', 'cooky', 'one', 'gum', 'xanthan', 'worth', 'baking']","do not even bother with other gluten-free baking mixes - this one's the best!  why i love it:  1) excellent taste.  i have experimented with other gluten-free mixes and there is usually something ""off"".  i even tried one that had a strange, subtle metallic flavor.  i have fooled gluten eaters with pamela's - they could not differentiate from gluten pastries.  2) anyone who is ever had to bake for a gluten-free diet knows the annoyance of procuring and figuring out xanthan gum.  in pamela's case, the xanthan gum's already included in the mix, so there is one less thing to worry about.  i tried baking cookies without pamela's mix and forgot the xanthan gum.  surprise, surprise, my cookies did not rise.  so this is important.  3) versatility.  so far, i have made pancakes, scones, crepes, chocolate chip cookies, pizza crust and cakes with pamela's.  the range of what you can make with this mix is amazing.  any time i have to create a gluten-free version of an old favorite food, i can probably create something using pamela's.  4) for what it is worth, the recipe ideas on the back of the bag are very helpful - and accurate.  i have gotten so annoyed by inaccurate recipes on food packages.  by contrast, i have found the ingredient amounts on the bag of the mix bag to be good.  as with most gluten-free prepared mixes, pamela's is a little pricey.  even with this discounted deal of 3 bags, you are still paying nearly $15 a bag.  but the bags themselves are pretty big - it takes me weeks to go through 1 bag, but i am an amateur baker.  if you are a professional or you bake more often than the average person, your needs will of course be different.  also, the sheer quality makes the price worth it.  i cannot imagine baking with anything else now.",0.8199226999999999,"['your will', 'xanthan gum', 'chip cookies', 'bag but', 'gluten-free mixes', 'other gluten-free', 'by far', 'if you', 'use it', 'with other']","[""pamela 's"", 'gluten free', ', i', '. have', 'free .', 'the best', 'the of', 'this is']","['other gluten-free mixes', 'with other gluten-free', 'is by far', 'the xanthan gum', 'by far the', 'have to create', 'i use it', 'xanthan gum .', '. if you', 'for gluten free']","['. i tried', ', i have', '. i even', '. i it', '. i use', '. if you', "". pamela 's"", 'baking i have']"
4,B000NMJWZO,4,2,0.4079875033789344,"['different', 'old', 'ingredient', 'version', 'big', 'strange', 'figure', 'worry', 'baker', 'food']","personally, i prefer the gluten free products from bob's red mill. this one did not taste as good or as fresh. i will stick with bob's.",0.4427621,"[""bob 's"", 'has been', 'my son', '. this']","['has been', 'my son']",[],[]
5,B000NMJWZO,5,8,0.32844254131189354,"['say', 'flavor', 'sweet', 'try', 'best', 'real', 'absolutely', 'add', 'excellent', 'quite']","before i say anything, i should let you know that this is the very first pre-mixed gluten free flour i have tried. with that said, this mix makes absolutely delicious pancakes that are best enjoyed with real, pure maple syrup. in fact, i quite prefer the pancakes from this mix to those containing gluten. my only complaint is that when i bake with them, the sweet flavor of the mix can be a bit overpowering. if you adjust the amount of sugar added, this becomes less of an issue. overall, this is an excellent mix!",0.8713438,"['add bunch', 'lodge griddle', 'lodge logic', 'logic griddle', 'maple syrup', 'free !', 'gluten free', 'griddle you', 'have tried', 'a bunch']","['is the', 'this is', 'i have', 'it is', 'this mix', ', this', 'is that', 'that is']","['lodge logic griddle', 'gluten free !', 'logic griddle you', 'a lodge griddle', 'a lodge logic', 'a logic griddle', 'add a bunch', 'add bunch of', 'bunch of ingredients', '! the texture']","['. the thing', '. with that', 'a bunch of', 'a lodge griddle', 'a lodge logic', 'a logic griddle', 'add a bunch', 'add a of']"
0,B000KV61FC,0,0,0.7024080960676234,"['people', 'buddy', 'dangerous', 'result', 'pass', 'fit', 'normal', 'brand', 'maybe', 'shepherd']",none,,[],[],[],[]
1,B000KV61FC,1,5,0.5755672397231756,"['purple', 'etc', 'probably', 'pull', 'waste', 'two', 'review', 'without', 'bore', 'worry']",my min-pin shows absolutely no interest in this item. he is usually very receptive to anything that dispenses treats.,0.9181698,"[""`` ''"", 'two dogs', 'at all', 'making it', 'plastic rope', ', but', 'that what', 'my loves', 'my pet', 'this toy']","['this toy', 'i have', 'plastic rope', 'rope and', 'the rope', ', but', ', i', '. am']","['at all .', 'plastic rope and', 'the plastic rope', 'this toy does', 'toy does not', 'does not the', 'this does not', 'this toy not', 'i am not', '. i am']","['at all .', 'does not the', 'i am not', 'plastic rope and', 'the plastic rope', 'this does not', 'this toy does', 'this toy not']"
2,B000KV61FC,2,0,0.5627639886174389,"['supervise', 'extremely', 'disappoint', 'cause', 'chase', 'n', 'carpeted', 'brittle', 'delight', 'bare']",none,,[],[],[],[]
3,B000KV61FC,3,6,0.5286693994748863,"['rope', 'work', 'get', 'really', 'chew', 'treat', 'day', 'last', 'still', 'play']","my dog really enjoyed this. she spent hours trying to get the treats out. but in the first 10 minutes she chewed the plastic 'rope' in half out of frustration. so now the toy does not work as intended, but still i put her dog food in there since i know she will be able to get it out pretty easily, it will just take more work than the bowl. this is a really great toy, just wish the rope would have lasted a day. so be sure to supervise play before you leave your dog with this one.",0.9536583000000001,"['shares !', 'chewing on', 'food in', 'have a', 'able to', 'hours to', 'i put', 'to get', 'toy not', 'this is']","['the rope', 'to get', 'to the', '! i', ', this', '. dog', '. i', '. so']","['! i bought', 'dog shares !', 'shares ! i', 'hours to get', 'to get the', ', this one', 'it , but']","['dog shares !', 'hours to get', 'it , but', 'shares ! i', 'to get the']"
4,B000KV61FC,4,1,0.511418234987112,"['jar', 'puzzle', 'base', 'touch', 'often', 'pound', 'barely', 'unless', 'afraid', 'tip']",this  is  too big  for dogs  under  15 pounds and  has  not  proven effective for us,0.8499926,[],[],[],[]
5,B000KV61FC,5,1,0.5060115124805916,"['container', 'change', 'block', 'cord', 'size', 'otherwise', 'stop', 'walk', 'enjoy', 'receive']","our dog chewed through ate the vanilla infused rope.  ropes do not show on x-rays and ultra sound.  the dog was vomiting up to 15 times a day.  day 3 - our dog could not walk any more. luckily our vet convinced us to do exploratory surgery and found the rope knot in our dog's intestines.  it is a very hard knot that will tear the intestines.  if not for this surgery, our dog would had died from the obstruction.",0.57447106,"['our dog', 'intestines .', 'the .']",['the .'],[],[]
6,B000KV61FC,6,0,0.4334203511871242,"['rough', 'wood', 'beagle', 'soft', 'pay', 'prefer', 'disappointed', 'spike', 'else', 'cotton']",none,,[],[],[],[]
7,B000KV61FC,7,0,0.3993962558466778,"['maybe', 'render', 'strategy', 'fragile', 'fly', 'release', 'useless', 'siberian', 'construction', 'kick']",none,,[],[],[],[]
8,B000KV61FC,8,0,0.39410123663117747,"['lid', 'proof', 'finish', 'gulp', 'breakfast', 'somewhat', 'breed', 'loose', 'bullet', 'short']",none,,[],[],[],[]
9,B000KV61FC,9,543,0.35426764649374504,"['get', 'treat', 'rope', 'food', 'jug', 'one', 'love', 'bottle', 'keep', 'would']","we bought this for our 5 month old lab to keep her from inhaling her dinner in 5 seconds flat. we have now purchased 2 more as gifts for other dog owners.  it took our dog a day and a half to figure this toy out. at first she barked at it since she was frustrated that she could see and smell her kibble but could not get to it. after a few happy mistakes with pawing at it and watching us pull the rope, she caught on. now it takes her 20 minutes to eat her 1.5 cups of kibble inside.  great features: - durable and easy to wash nalgene type material - ""rope"" is actually a flexible rubber stick, making washing/sanitizing easy - screw-off bottom makes loading up the toy simple - translucent bottle so you can see how much kibble is left - can hold all sorts of sizes of kibble  challenging feature: - it can sometimes take a few tries to get the bottom screwed back on b/c the threads are narrow. but, then again the bottom has never fallen off and the dog cannot figure out how to unscrew the bottom.  we had tried other 'treat balls' in the past, but found that they could not hold enough kibble to keep the activity going for very long. other treat ball products were either to big or small for our dog's kibble, making getting the food out either way too easy (it fell right out) or too hard (it took a human with thumbs to get it out). finally, the other treat balls were a solid rubber which meant in order to know if anything was left you had to pick it up and shake it. these were the kinds that we impossible to clean as well.  we highly recommend this product. so does roxxee, our dog, who still finds eating to be a fun activity.",0.99395937,"['ball-like bulge', 'gon na', 'vacuum cleaner', 'nubby football', 'st. bernard', 'basset hound', 'cream cheese', 'fully dries', 'ping pong', 'separation anxiety']","['the rope', 'to the', 'this toy', ', but', '. the', 'it .', 'to get', ', and']","['..uuummm ... .yet', 'ping pong balls', 'route canal !', 'word warning :', 'length : 0:19', 'length : 0:29', 'length : 0:37', 'length : 0:48', 'length : 1:01', 'length : 1:06']","['get the out', '. i have', 'the treats out', 'get the treats', 'the of the', 'to the treats', 'it is a', '. my dog']"
0,B001EO5Q64,0,272,0.5426867656640615,"['coconut', 'love', 'great', 'one', 'get', 'cook', 'like', 'skin', 'jar', 'try']","nutiva's brand of organic ev hexane-free coconut oil is awesome. first, i admit it is the first and only one i have tried, but after reading scores of reviews and my holistic health practitioner suggesting i take in 2 tbsp. a day, i wanted the best. and at amazon, you get the best prices, especially with subscribe & save (how great is that?)!  when i opened the jar the very first time, i was amazed at the deliciously fresh coconut aroma. it is intoxicating! i do like coconut, so that helps. but it took me a while to get up the nerve to heat it up and pour it into my frozen fruit smoothie (frozen banana, strawberries, blueberries, juice). i thought somehow it had solidify back up and i would get big chunk-o-fat globules in my shake. not at all!  when i heated it up on the stove so that it had liquify, the scent was of toasted coconut (mmmm, so yummy), so i thought it had taste great in my smoothie. what surprised me was that it added no taste at all. i am now using it every day, as suggested.  then it took me a while to try frying with it because i figured it had impart mild coconut flavor to my savory dishes (potatoes, chicken, eggs), which i would not want. but i just tried it over the past two days, a little with scrambled eggs and a lot with searing boneless breasts of chicken (which were finished in the oven on a tray coated with more coconut oil). i tasted zero coconut flavor in any of it! i am so psyched about this! so now i will be using organic olive oil for dressings and other raw applications and coconut oil with nearly everything else.  also, i read that the plastic tubs it comes in are bpa-free...fabulous! have not tried baking with it yet, but i did use it on my very chapped hands, and it was great. smells like ole hawaiian tropic!!! i love that beach smell!  i highly and enthusiastically recommend nutiva coconut oil...it is awesome!!!!",0.9945440999999999,"['ohhh la', 'lip balm', '* *', 'saut eacute', '65 fahrenheit', 'chia seeds', 'head toe', 'baked goods', 'bubble wrap', 'orange juice']","[', i', '. it', 'it is', 'i have', '! !', ', and', 'i it', 'i use']","['* please note', '* * please', '65 degrees fahrenheit', 'saut eacute ;', 'saut & eacute', 'jars bubble wrap', 'already posted ?', 'from head toe', 'business practice !', 'hawaiian tropic !']","['i use it', '. i use', '. it is', '. i it', 'coconut oil .', '. i love', '. i this', '. i am']"
1,B001EO5Q64,1,25,0.5312013876092397,"['hair', 'skin', 'work', 'coconut', 'dry', 'soft', 'rash', 'leave', 'tub', 'also']","the coconut oil's aroma when i put it on toast or rice is just heavenly. the taste is amazingly good too! since it came in two tubs, i have one in the kitchen for consumption and the other one in my bathroom for my hair since i researched and found that coconut oil is supposed to be good for natural hair. my mane is definitely softer to touch although it is typically not course or difficult to manage. i just got it last week so will see how it goes. the hot oil treatment with coconut oil is next on my to-do list. careful when you use it on hair though, when i do not wrap my hair, i wake up with zits (prolly from the oil on my pillow). some say it works to relieve acne, some say it causes acne. i blame it for the acne i have since i had been acne free for weeks until i applied the coconut oil on my hair.  overrall, i will be a regular buyer of this product.",0.9881438,"['extra virgin', 'short while', 'tea tree', 'extra olive', 'virgin olive', 'cleared up', 'room temp', 'their sides', 'tiny bit', 'room temperature']","['i have', ', i', '. it', '! !', ', but', 'i it', ', and', 'it is']","['extra virgin olive', 'solid room temp', 'at room temp', 'solid room temperature', 'at room temperature', 'came two tubs', 'solid at temp', 'solid at room', 'solid at temperature', 'extra virgin oil']","['. i it', '. i use', '. it is', 'it on my', 'the coconut oil', ', but i', ', i have', '. i also']"
2,B001EO5Q64,2,26,0.494387953065182,"['hair', 'skin', 'soft', 'dry', 'body', 'leave', 'moisturizer', 'cooking', 'conditioner', 'work']","i am now a confirmed addict of this stuff. if i run out, i start craving it. popcorn is just not the same without melted coconut oil and sprinkling of coarse sea salt. cannot be morre specific than to say that my body 'feels' better--joints, mobility, sense of well being since i started consumming it regularly. the scent of it is intoxicating as well. i for one do not need a scientific ""paper"" to tell me what my body needs and responds well to.",0.9788228999999999,"['healing properties', 'lauric acid', ""`` ''"", 'seborrheic dermatitis', 'within minutes', 'hot treatments', 'lip balm', 'away ...', 'sooo nice', 'since started']","['. it', 'coconut oil', 'my hair', ', i', 'i have', 'use it', 'as a', 'it is']","['! five stars', 'get away ...', 'away ... ...', 'look way better', 'face look way', 'seal the cuticle', '... not fun', 'hot oil treatments', '... ... ...', 'for hot treatments']","['. i have', 'use it a', 'it as a', 'use as a', '. i this', '. this is', 'it ! !', 'it my hair']"
3,B001EO5Q64,3,117,0.4902047919532125,"['coconut', 'smell', 'good', 'taste', 'great', 'make', 'like', 'cook', 'would', 'try']","at this point i have ordered this coconut oil several time and i feel confident that nutiva delivers a consistently excellent product. there is definitely some coconut taste due to the fact that it is a virgin product but that does not bother me at all. the taste and texture are alot more pleasant than other brands of coconut oil i have used in the past. i usually use it when making scrambled eggs or other assorted foods on the skillet. i can sometimes detect a little sweetness but i like it, especially with something salty. i have also used this oil to make chocolate truffles and baked goods and it has always come through like a champ. i highly recommend this as a great oil for any culinary purpose and i will definitely buy it again.",0.9846701999999999,"['amish country', 'arms legs', 'candida overgrowth', 'fits bill', 'head toe', 'vitamin e', 'african-american women', 'english muffins', '1.5 part', ""alzheimer 's""]","['i have', 'coconut oil', '. it', ', i', 'i it', ', and', 'use it', '. the']","['from head toe', 'microwave popcorn popper', 'solid room temp', '-- -- 02/20/2011', '-- - 01/01/2011', 'organic extra virgin', 'solid room temperature', 'added 12/18/2010 :', 'head to toe', '! another reviewer']","['. i it', '. it is', '. i use', '. this is', 'i have used', 'coconut oil i', '. i love', '. use it']"
4,B001EO5Q64,4,1,0.4772703337025163,"['fat', 'saturate', 'magnesium', 'book', 'risk', 'study', 'life', 'company', 'trust', 'everyone']","i wrote a review of this product detailing my own experience with this product and coconut oil in general. it generated a good discussion spanning 97 comments, however it was not very concise and i wished i had made my points more clearly. this is a rewrite of my initial review.  i purchased this product because i had heard stories in the popular media about how coconut oil contains a healthy form of saturated fat. i welcomed this news because coconut oil is a fun ingredient. it has a high smoke point, a great taste, and does not go rancid.  as a chemist, the hypothesis for why it may be healthier made sense to me. coconut oil contains medium chain saturated fats, which differ from the long chain saturated fats found in red meat. i studied lipid transport during my phd and i think it is totally possible the body does different things with these two different chemicals.  however it is also totally possible that the two types of saturated fat both increase one's risk of cardiovascular disease. to figure this out, i looked through the literature and spoke with people to see what proof there was.  what i found was that the arguments that suggest medium chain saturated fats are health appeared flawed to me. here are the arguments i have heard:  some people reference studies of island dwelling-people who eat diets rich in coconut fats. these people have low rates of heart disease. the problems with these studies are significant. first, these people often die earlier than westerners, and that is why they have lower cardiovascular disease. they have lower rates of alzheimer's disease too. this is because of the second, larger problem: there are many things about the life of an island-dwelling person that is different than that of a westerner. maybe the diet is the cause of an observed effect, maybe it is the increased exercise or different sleep pattern. you just cannot draw conclusions when so many variables have changed. islanders are just too different to use as a model.  some people trust books written about the subject like ""the coconut oil miracle"" or ""the healing miracle of coconut oil"". the problem with these books is that they are books, not studies. to prove something, you have to perform a study. to make their arguments, they often cite studies, but the studies are like the one above, typically flawed. there is not a paper published that shows medium chain saturated fats do not increase the risk of cardiovascular disease the way saturated fats do.  there have also been citations from doctors such as dr. mercola. it is best to take advice from leaders in the field, rather than doctors trying to sell a book or treatement. specifically dr. mercola has been admonished by the fda for making misleading claims:  [...] be careful who you trust.  ultimately, there is no evidence that medium chain saturated fats have different health effects than saturated fats. the most convincing argument in favor of coconut oil is that saturated fats themselves are not dangerous. there is controversy on this subject (just like with most medical subjects) but the vast majority of the data supports the idea that saturated fat increases your risk of cardiovascular disease. to support this, here are some sources.  1) harvard university school of public health published this easy guide to fats and cholesterol: [...] here they recommend that you should not decrease fat intake overall, just replace saturated fats with unsaturated, the less saturated the better. 2) the most convincing paper on this subject says this: ""based on consistent evidence from human studies, replacing saturated fat with polyunsaturated fat modestly lowers coronary heart disease risk, with ~10% risk reduction for a 5% energy substitution; whereas replacing saturated fat with carbohydrate has no benefit and replacing saturated fat with monounsaturated fat has uncertain effects. ""  to restate this, if you replace saturated fat with polysaturated fat, you will reduce your risk of heard disease. the authors say a 10% risk reduction is modest, but consider that you are most likely to die for a heart attack so a 10% risk reduction is quite welcome in my opinion. further research has shown ""the meta-analysis of the trials showed that increasing polyunsaturated fat consumption as a replacement for saturated fat reduced the risk of coronary heart disease events by 19%."" that is a huge effect. citation is here: lipids. 2010 oct;45(10):893-905. epub 2010 mar 31. saturated fat and cardiometabolic risk factors, coronary heart disease, stroke, and diabetes: a fresh look at the evidence. micha r, mozaffarian d. department of epidemiology, harvard school of public health, boston, ma 02115, usa. 3) finally here is a list of all the studies done on the subject, what you will find is that, while the topic is controversial, it is not a 50/50 toss-up. the majority of studies find saturated fat to increase the risk of cardiovascular disease. [...]  to summarize what i learned from these conversations and articles, i now know that there is no proof that medium chain saturated fats behave differently than long chain saturated fats, and i know saturated fats likely increase your risk of cardiovascular disease as much as 19%.  i decided to take the more conservative path and i sold the coconut oil i bought, hopefully to someone who plans on using it in some other way besides eating it. i hope to realize the health benefits associated with replacing saturated fats in my diet with polyunsaturated fats.",0.52327055,"['dr. mercola', 'harvard school', 'school public', 'totally possible', '... ]', '[ ...', '[ ]', 'most convincing', 'coronary heart', 'public health']","['coconut oil', 'chain fats', 'chain saturated', 'disease .', 'of disease', 'risk of', 'the of', '. i']","['[ ... ]', 'school public health', '10 % reduction', ': ... ]', ': [ ...', ': [ ]', 'they have lower', 'is totally possible', '10 risk reduction', 'harvard school of']","['medium chain fats', 'medium chain saturated', 'medium saturated fats', 'of cardiovascular disease', 'of disease .', 'risk cardiovascular disease', 'risk of cardiovascular', 'cardiovascular disease .']"
5,B001EO5Q64,5,4,0.4437891543063996,"['bread', 'itch', 'weight', 'four', 'purity', 'pancake', 'live', 'layer', 'care', 'lip']",this product so far has been easy to use and has met my expectations. i am new to using this type of product.,0.87299275,"['cook with', 'a moisturizer', 'for almost', 'skin irritation', 'use as', 'cleared my', 'this product', 'to cook', 'to with', 'on my']","['i use', 'on my', 'use it', ', and', ', i', ', treatment', '. do', '. has']","['to cook with', 'cook with ,', 'a moisturizer ,', 'i do not', '. do not', 'use on my', 'i use it', '. it has']","['a moisturizer ,', 'cook with ,', 'i do not', 'i use it', 'to cook with', 'use on my']"
6,B001EO5Q64,6,113,0.4039987308435391,"['coconut', 'good', 'taste', 'like', 'flavor', 'brand', 'health', 'one', 'benefit', 'find']","first things first: the flavour of this coconut oil is wonderful. very clean on the tongue with just a slight back hint of coconut flavour. yes, this will slightly flavour some of your dishes to taste faintly of coconut if the dish is not heavily spiced. when i use coconut oil in place of butter for many ethiopian and indian dishes, i do not really notice any coconut flavour--but these are heavily spiced cuisines and so the sheer level of spice involved will cover up the delicate coconut flavour of this oil. in baking, however, there is a wonderful little hint of it. when i have made cookies and cakes using this in place of shortening or butter, many people have commented that something felt different about the dessert, but they could not put their finger on it right away until i would suggest coconut. i say all of this, though, in case someone who absolutely hates coconut is considering using coconut oil as a part of their diet. while it has many great health benefits, if you cannot stand the flavour of coconut in any shape or form, you probably will not enjoy this product. i personally enjoy the added depth and dimension is gives my food, as well as the fact it is cholesterol free.  if you are thinking this would not taste like anything, then you are thinking of what is called ""rbd coconut oil"", that is to say, coconut oil which has been refined, bleached, and deodorised. this is not that product, and in my opinion, is far superior to any rbd coconut oil you could find.  now, the health benefits. coconut gets props for being cholesterol free. many people want to downplay its wonderfulness by pointing out that it is loaded in saturated fats. however! the saturated fats found in coconut oil are mostly medium-chain fatty acids, which bind together to form medium-chain triglycerides. medium-chain triglycerides, or mcts, are much easier for the body to break down and process than long-chain triglycerides, which are the saturated fats that are usually predominant in our diets. because mcts are so easily broken down in the body, they do not put a great strain on your pancreas or digestive system. coconut oil is not a cure-all, however. it is not some miracle food (imo), but i do think it should be seen as a healthy, viable alternative to butter and some cooking oils. should it replace these other oils and butter outright? no, i do not think so. but i think it deserves a place of respect alongside your butter and olive oil in the kitchen.",0.9957862,"['already overweight', 'eden organics', 'hemp seeds', 'higher heats', 'ice cream', 'professionals knock', 'reasonably priced', 'sample packs', 'september 13', 'medium chain']","['it is', ', and', '. it', 'i have', '. is', ', i', 'this is', ', ,']","['combine eden organics', 'sample packs yellow', ': 9:15 mins', 'length : 9:15', 'greasy gunk combine', 'packs yellow gunk', '30 minute meals', 'through sample packs', 'coated whole machine', 'link above goes']","['. i have', '. i use', '. this is', 'of coconut oil', 'coconut oil .', '. i it', 'coconut oil ,', 'i use it']"
7,B001EO5Q64,7,7,0.3765502103632624,"['box', 'jar', 'leak', 'problem', 'eczema', 'plastic', 'container', 'seal', 'bag', 'low']","we use this oil for tons of things!  it cleared up our son's cradle cap (in 2 days), baby acne (in 3 days), eczema (in 2 days) and cuts/scrapes (usually the same day).  we use it for cooking and for sunscreen.  great product!",0.95553464,"['new opaque', 'at bottom', 'have found', '2 days', 'we use', 'days )', '( 2', '2 )', 'for cooking', 'great but']","['the oil', '. the', 'it was', 'i it', 'it is', 'the .', 'the of', '( in']","['( 2 days', '2 days )', 'at bottom of', 'in 2 days', '( in days', 'in days )', '( in 2', 'in 2 )', 'i have found', 'for cooking and']","['. i it', 'bottom of the', 'in days )', 'it was sealed', 'the bottom of', 'the bottom the', '( 2 days', '( in 2']"
8,B001EO5Q64,8,2,0.37058622609983244,"['whatever', 'staple', 'pop', 'corn', 'popcorn', 'warm', 'ready', 'delivery', 'boyfriend', 'advice']","this is the absolute finest oil for baking...also great on the skin. bye-bye, canola oil and genetically modified oils! put me on automatic delivery !",0.58757704,['in a'],[],[],[]
0,B0026RQTGE,0,10,0.5647239335226832,"['bad', 'know', 'everything', 'really', 'sensitive', 'cause', 'meal', 'would', 'piece', 'break']",my dog's morning just would not be complete without her greenie! i think it is the minty scent that drives her crazy but she loves them. she is @18 lb so the teenies are just right for her.,0.9385481999999999,"['his colon', 'problem with', 'she loves', 'he pooping', 'his was', '! fantastic', 'loves them', 'know what', 'on amazon', 'she them']","['it is', 'a of', 'i have', '. i', 'is the', '! !', '! i', '. ,']","['she loves them', '! fantastic product', '! ! fantastic', 'without greenies !', 'wheat gluten is', 'greenies ! !', 'on amazon .', 'would not a', '. however ,', 'so i have']","['greenies ! !', 'i have not', '! fantastic product', '! this is', ', i have', '. , i', '. however ,', 'is it is']"
1,B0026RQTGE,1,11,0.5596123896930285,"['em', 'good', 'recommend', 'soon', 'run', 'smell', 'stuff', 'problem', 'brushing', 'well']",not only my logs like these snacks... me too because their mouth is not stinky anymore! ;) i will keep on buying it because of that reason. dog lovers: you will like this product.,0.92840314,"['christmas present', 'leaves screen', 'highly recommend', 'leaves door', 'mail lady', 'screen door', 'screen open', 'she leaves', ""'' -"", 'because of']","[', i', ', the', ""'' -"", ', but', ', he', '- the', 'because of', 'my ,']","['leaves screen door', 'leaves screen open', 'she leaves screen', 'leaves door open', 'screen door open', 'fantastic product !', 'the mail lady', '! product delivered', ""'' - the"", 'product ! product']","[', the mail', '- the dog', 'as . no', 'fantastic product !', 'for a product', 'leaves door open', 'leaves screen door', 'leaves screen open']"
2,B0026RQTGE,2,59,0.5111997573427363,"['greenies', 'box', 'order', 'time', 'size', 'price', 'receive', 'come', 'package', 'purchase']","half way through the supply, i noticed that there were tiny white worms boring through a greenie so i checked the remaining greenies and they also had worms.  please empty the contents of the box and check the greenies when you receive your order before giving them to your dog.  this may have been an isolated incident but it would only take a few minutes to check the contents for freshness.",0.97399384,"['added bonus', 'weeks later', 'zip-lock pouch', 'stuck together', 'found worm', 'joint care', 'never seen', 'pet stores', 'year old', '27 ounce']","['. the', 'i have', ', i', 'the size', 'is a', ', but', 'i not', 'my dogs']","['an added bonus', '! 7 pm', 'teenie sized chews', 'your best friend', 'town ! exactly', 'from vendor again', 'stuck together in', 'on regular basis', 'greenies stuck together', 'order from vendor']","['! ! !', ', but i', '. i the', '. so i', 'them . i', '! ! i', '! i have', '! this is']"
3,B0026RQTGE,3,432,0.48310094932696945,"['greenies', 'teeth', 'treat', 'get', 'one', 'give', 'breath', 'like', 'clean', 'chew']","i will continue to give these to my dogs. they like them and supposedly they clean their teeth. i started to give these to my dog daily, but her digestive system did not like it enough for that. most of it seems to be digestible, but she threw up green foam on the morning after the second day in a row of eating one-a-day greenies. note that she was also constipated as well. greenie advises to have plenty of water available for drinking these, so i am guess they know these side effects can occur. my dog has plenty of water available, but she did not drink any more than normal, which may have resulted in the effects. i do not plan on training my dog to drink lots of extra water after eating these. giving here one every now and then shows no negative effects, and that what i plan on doing. not a complaint to me, but i think people who like giving there dog all natural health food should know that this product is far from ""green."" it is pumped pull of artificial ingredients like a multivitamin. it is also made from concentrated grain protein, rather than the animal protein dogs should be getting. i personally do not feel that this is that big of a deal health wise for a creature than lives 12-18 years, but or people who invest the extra money on organic/natural dog food, you should be staying away from this product.",0.9920468000000001,"['[ asin', 'e. antic', 'king charles', 'notoriously finicky', 'individually wrapped', 'peanut butter', 'cocker spaniel', 'common sense', 'oral hygiene', 'english bulldog']","['my dog', 'they are', 'i have', '. they', ', i', ', but', '. the', 'them .']","['[ asin :', 'pay twenty dollars', 'weighs 15 pounds', 'plenty water available', '-- -- sorry', 'fedex guy !', 'them [ asin', 'take into consideration', 'eventually -- --', 'recommended by vets']","['my dog loves', '. they are', 'i do not', '. my dogs', '! ! !', '. i not', '. it is', '. my loves']"
4,B0026RQTGE,4,44,0.43468306372041904,"['get', 'one', 'greenies', 'go', 'know', 'greenie', 'time', 'every', 'say', 'great']","my two dachshunds love these things.  they know they are going to get one every morning.  they lead me to the pantry and are so cute when they beg or i call it talking, letting me know that they cannot hardly wait.  great product.",0.96101487,"['[ ]', 'dry canned', 'esophagus intestine', 'everything smoothly', 'everything went', 'fur baby', 'kill pets', 'linda turner', 'lives nearly', 'nearly thirteen']","['i have', '. my', 'my dog', 'them .', '. they', 'to the', '. she', 'i them']","['everything went smoothly', 'lives nearly thirteen', 'linda turner would', 'nearly thirteen years', 'turner would recommend', 'would recommend ordering', '[ ... ]', 'esophagus or intestine', 'several times ...', 'much linda turner']","['. my dog', '! ! i', '. these are', 'my dog loves', '. my dogs', 'dogs love .', 'it is time', '. dogs love']"
5,B0026RQTGE,5,7,0.36779711048383046,"['right', 'crate', 'hide', 'time', 'consider', 'green', 'bag', 'second', 'write', 'awhile']","son excelentes, les encantan a mis perritos y le mantienen el aliento fresco. llegaron a tiempo y en perfecto estado. estoy satisfecha con el producto y el envio.",0.96428466,"['authorized vendor', 'loves these', 'purchased through', 'an authorized', '`` authorized', ""authorized ''"", 'have no', 'an ``', 'through ``', '! thats']","['. i', 'i have', 'the product', ""'' ."", '`` authorized', ""authorized ''"", 'i the', 'product .']","['some more !', '! thats about', '`` authorized vendor', 'purchased through ``', '! will bye', 'an `` authorized', ""`` authorized ''"", 'is rite !', 'love them !', '! ! thats']","['! ! this', '! ! will', ""`` authorized ''"", ""authorized '' ."", 'more ! !', 'rite ! !', 'the product .', 'them ! !']"
6,B0026RQTGE,6,67,0.3099623758254894,"['price', 'amazon', 'store', 'buy', 'great', 'pet', 'find', 'shipping', 'cheap', 'greenies']","these are genuine greenies product, not a knockoff.  my dogs love them!  it is their favorite treat.  i have 2 small dogs, both under 10 lbs. and the teenie size is perfect for them.  i paid $22.37 for this 96-pack and it is by far the best price i have found anywhere.  i wish these were part of the subscribe & save program.",0.9626439,"['dashchund minpin', 'some reason', 'who ask', 'live without', 'vet said', 'after dinner', 'could afford', 'could ask', 'run out', ""`` ''""]","['my dog', 'the price', 'a great', 'for the', 'pet store', '! i', 'i have', '! !']","['who could ask', 'course which doggies', 'could ask more', 'can live without', 'fortune ! thank', 'an order confirmation', 'doggies do ?', 'my dashchund minpin', 'super fast shipping', 'not live without']","['the pet store', '. my dogs', 'at the pet', '! ! !', 'a great price', 'my dogs love', 'pet store .', 'the best price']"
